{
	"format_version": "1.12.0",
	"minecraft:geometry": [
		{
			"description": {
				"identifier": "geometry.enchant_table_plus",
				"texture_width": 16,
				"texture_height": 16,
				"visible_bounds_width": 2,
				"visible_bounds_height": 2.5,
				"visible_bounds_offset": [0, 0.75, 0]
			},
			"bones": [
				{
					"name": "bb_main",
					"pivot": [0, 0, 0],
					"cubes": [
						{
							"origin": [-8, 0, -8],
							"size": [16, 12, 16],
							"uv": {
								"north": {"uv": [8, 10], "uv_size": [8, 6]},
								"east": {"uv": [8, 10], "uv_size": [8, 6]},
								"south": {"uv": [8, 10], "uv_size": [8, 6]},
								"west": {"uv": [8, 10], "uv_size": [8, 6]},
								"up": {"uv": [8, 8], "uv_size": [-8, -8]},
								"down": {"uv": [8, 16], "uv_size": [-8, -8]}
							}
						}
					]
				}
			]
		}
	]
}