{
  "format_version": "1.17.0",
  "minecraft:entity": {
    "description": {
      "identifier": "pa:kb",
      "is_summonable": true,
      "is_spawnable": true
    },
    "component_groups": {
      "despawn": {
        "minecraft:instant_despawn": {}
      }
    },
    "components": {
      "minecraft:damage_sensor": {
        "triggers": [
          {
            "cause": "all",
            "deals_damage": false
          }
        ]
      },
      "minecraft:behavior.knockback_roar": {
        "priority": 5,
        "attack_time": 0.1,
        "cooldown_time": 0.1,
        "duration": 1,
        "knockback_damage": 0,
        "knockback_strength": 1,
        "knockback_range": 2,
        "knockback_filters": {
          "all_of": [
            {
              "test": "is_family",
              "operator": "!=",
              "subject": "other",
              "value": "player"
            },
            {
              "test": "has_component",
              "operator": "!=",
              "subject": "other",
              "value": "minecraft:shooter"
            }
          ]
        },
        "on_roar_end": {
          "event": "despawn",
          "target": "self"
        },
        "damage_filters": {
          "all_of": [
            {
              "test": "has_tag",
              "operator": "==",
              "subject": "other",
              "value": "el_pepe_ete_sech"
            }
          ]
        }
      },
      "minecraft:type_family": {
        "family": [
          "player"
        ]
      }
    },
    "events": {
      "despawn": {
        "add": {
          "component_groups": [
            "despawn"
          ]
        }
      }
    }
  }
}