{
  "format_version": "1.11",
  "minecraft:entity": {
    "description": {
      "identifier": "minecraft:player",
      "is_spawnable": false,
      "is_summonable": false,
      "is_experimental": false,
      "scripts": {
        "animate": [
          "walk",
          "nuke:nuke",
          "nuke:head",
          "shield"
        ]
      },
      "animations": {
        "walk": "controller.animation.walk",
        "nuke:nuke": "controller.animation.nuke_nuke",
        "nuke:head": "controller.animation.nuke_head",
        "shield": "controller.animation.shield"
      }
    },
    "component_groups": {
      "pamobile:respawn": {
        "minecraft:mark_variant": {
          "value": 99999
        },
        "minecraft:health": {
          "value": 20,
          "max": 20
        },
        "minecraft:movement": {
          "value": 0.1
        },
        "minecraft:attack": {
          "damage": 1
        },
        "minecraft:spell_effects": {
          "remove_effects": []
        }
      },
      "ammo:1": {
        "minecraft:mark_variant": {
          "value": 1
        }
      },
      "nuke:nuke_fire": {
        "minecraft:spawn_entity": [
          {
            "min_wait_time": 0,
            "max_wait_time": 0,
            "single_use": true,
            "spawn_entity": "nuke:nuke",
            "num_to_spawn": 1
          }
        ]
      },
      "nuke:head_event_play": {
        "minecraft:health": {
          "value": 30,
          "max": 30
        },
        "minecraft:movement": {
          "value": 0.2
        },
        "minecraft:spell_effects": {
          "add_effects": [
            {
              "effect": "slowness",
              "duration": 60000,
              "amplifier": 3,
              "display_on_screen_animation": false
            },
            {
              "effect": "strength",
              "duration": 60000,
              "amplifier": 4,
              "display_on_screen_animation": false
            }
          ]
        }
      },
      "health_normal": {
        "minecraft:health": {
          "max": 20
        }
      }
    },
    "components": {
      "minecraft:type_family": {
        "family": [
          "player"
        ]
      },
      "minecraft:loot": {
        "table": "loot_tables/empty.json"
      },
      "minecraft:collision_box": {
        "width": 0.6,
        "height": 1.8
      },
      "minecraft:can_climb": {},
      "minecraft:movement": {
        "value": 0.1
      },
      "minecraft:environment_sensor": [
        {
          "on_environment": {
            "filters": {
              "any_of": [
                {
                  "test": "is_family",
                  "subject": "self",
                  "value": "player"
                }
              ]
            },
            "event": "pamobile:refresh_player"
          }
        },
        {
          "on_environment": {
            "filters": {
              "all_of": [
                {
                  "test": "has_equipment",
                  "subject": "self",
                  "domain": "hand",
                  "value": "nuke:nuke"
                },
                {
                  "test": "is_family",
                  "subject": "self",
                  "value": "player"
                }
              ]
            },
            "event": "ammo:1"
          }
        },
        {
          "on_environment": {
            "filters": {
              "all_of": [
                {
                  "test": "has_equipment",
                  "subject": "self",
                  "domain": "hand",
                  "value": "nuke:head"
                }
              ]
            },
            "event": "nuke:head_event_hold"
          }
        },
        {
          "on_environment": {
            "filters": {
              "all_of": [
                {
                  "test": "has_equipment",
                  "subject": "self",
                  "domain": "head",
                  "value": "nuke:head"
                }
              ]
            },
            "event": "nuke:head_event_play"
          }
        },
        {
          "on_environment": {
            "filters": {
              "any_of": [
                {
                  "test": "has_equipment",
                  "operator": "==",
                  "subject": "self",
                  "value": "bitch:shield"
                }
              ]
            },
            "event": "normal_health"
          }
        }
      ],
      "minecraft:player.saturation": {
        "value": 20
      },
      "minecraft:player.exhaustion": {
        "value": 0,
        "max": 4
      },
      "minecraft:player.level": {
        "value": 0,
        "max": 24791
      },
      "minecraft:player.experience": {
        "value": 0,
        "max": 1
      },
      "minecraft:breathable": {
        "totalSupply": 15,
        "suffocateTime": -1,
        "inhaleTime": 3.75,
        "generatesBubbles": false
      },
      "minecraft:nameable": {
        "alwaysShow": true,
        "allowNameTagRenaming": false
      },
      "minecraft:physics": {},
      "minecraft:insomnia": {
        "days_until_insomnia": 3
      },
      "minecraft:rideable": {
        "seat_count": 2,
        "family_types": [
          "parrot_tame"
        ],
        "pull_in_entities": true,
        "seats": [
          {
            "position": [
              0.4,
              -0.15,
              0.04
            ],
            "min_rider_count": 0,
            "max_rider_count": 0,
            "lock_rider_rotation": 0
          },
          {
            "position": [
              -0.4,
              -0.15,
              0.04
            ],
            "min_rider_count": 1,
            "max_rider_count": 2,
            "lock_rider_rotation": 0
          }
        ]
      },
      "minecraft:scaffolding_climber": {},
      "minecraft:damage_sensor": [
        {
          "cause": "entity_attack",
          "on_damage": {
            "filters": {
              "all_of": [
                {
                  "test": "has_tag",
                  "operator": "==",
                  "subject": "self",
                  "value": "blocking"
                },
                {
                  "test": "has_tag",
                  "operator": "!=",
                  "subject": "other",
                  "value": "behind"
                }
              ]
            },
            "event": "test",
            "target": "self"
          },
          "deals_damage": false,
          "on_damage_sound_event": "item.shield.block"
        },
        {
          "cause": "projectile",
          "on_damage": {
            "filters": {
              "all_of": [
                {
                  "test": "has_tag",
                  "operator": "==",
                  "subject": "self",
                  "value": "blocking"
                },
                {
                  "test": "is_family",
                  "operator": "!=",
                  "subject": "damager",
                  "value": "arrow"
                }
              ]
            },
            "event": "test",
            "target": "self"
          },
          "deals_damage": false,
          "on_damage_sound_event": "item.shield.block"
        },
        {
          "cause": "block_explosion",
          "on_damage": {
            "filters": {
              "all_of": [
                {
                  "test": "has_tag",
                  "operator": "==",
                  "subject": "self",
                  "value": "blocking"
                }
              ]
            }
          },
          "deals_damage": false,
          "on_damage_sound_event": "item.shield.block"
        },
        {
          "cause": "entity_explosion",
          "on_damage": {
            "filters": {
              "all_of": [
                {
                  "test": "has_tag",
                  "operator": "==",
                  "subject": "self",
                  "value": "blocking"
                }
              ]
            }
          },
          "deals_damage": false,
          "on_damage_sound_event": "item.shield.block"
        },
        {
          "cause": "projectile",
          "on_damage": {
            "filters": {
              "all_of": [
                {
                  "test": "is_family",
                  "operator": "==",
                  "subject": "damager",
                  "value": "arrow"
                },
                {
                  "test": "has_tag",
                  "operator": "==",
                  "subject": "self",
                  "value": "blocking"
                }
              ]
            },
            "event": "arrow",
            "target": "self"
          },
          "deals_damage": false,
          "on_damage_sound_event": "item.shield.block"
        },
        {
          "cause": "all",
          "on_damage": {
            "filters": {
              "all_of": [
                {
                  "test": "is_family",
                  "operator": "==",
                  "value": "fang",
                  "subject": "damager"
                },
                {
                  "test": "has_equipment",
                  "operator": "==",
                  "subject": "self",
                  "value": "bitch:shield"
                }
              ]
            }
          },
          "deals_damage": false
        }
      ]
    },
    "events": {
      "pamobile:refresh_player": {
        "add": {
          "component_groups": [
            "pamobile:respawn"
          ]
        },
        "remove": {
          "component_groups": [
            "nuke:head_event_hold",
            "nuke:head_event_play"
          ]
        }
      },
      "minecraft:entity_spawned": {
        "add": {
          "component_groups": [
            "pamobile:respawn"
          ]
        },
        "remove": {}
      },
      "ammo:1": {
        "remove": {
          "component_groups": [
            "ammo:1"
          ]
        },
        "add": {
          "component_groups": [
            "ammo:1"
          ]
        }
      },
      "ammo:2": {
        "remove": {
          "component_groups": [
            "ammo:2"
          ]
        },
        "add": {
          "component_groups": [
            "ammo:2"
          ]
        }
      },
      "nuke:nuke_fire": {
        "add": {
          "component_groups": [
            "nuke:nuke_fire"
          ]
        }
      },
      "nuke:head_event_hold": {
        "add": {
          "component_groups": [
            "nuke:head_event_hold"
          ]
        }
      },
      "nuke:head_event_play": {
        "add": {
          "component_groups": [
            "nuke:head_event_play"
          ]
        }
      },
      "test": {
        "sequence": [
          {
            "run_command": {
              "command": [
                "summon pa:kb ~ ~ ~"
              ]
            }
          }
        ]
      },
      "player": {
        "add": {
          "component_groups": [
            "player"
          ]
        }
      },
      "arrow": {
        "run_command": {
          "command": [
            "kill @e[type=arrow]",
            "execute @s ^^2^ execute @e[type=skeleton,c=1,r=4] ~ ~ ~ damage @s 2",
            "execute @s ^^2^ execute @e[type=piglin,c=1,r=4] ~ ~ ~ damage @s 2",
            "execute @s ^^2^ execute @e[type=pillager,c=1,r=4] ~ ~ ~ damage @s 2",
            "tag @s add kill",
            "event entity @s test"
          ]
        },
        "add": {
          "component_groups": [
            "arrow"
          ]
        }
      },
      "normal_health": {
        "add": {
          "component_groups": [
            "health_normal"
          ]
        }
      }
    }
  }
}