{
	"format_version": "1.10.0",
	"geometry.guardian.npc": {
		"texturewidth": 64,
		"textureheight": 64,
		"visible_bounds_width": 5,
		"visible_bounds_height": 2.5,
		"visible_bounds_offset": [0, 0.75, 0],
		"bones": [
			{
				"name": "head",
				"pivot": [0, 0, 0],
				"mirror": true,
				"cubes": [
					{"origin": [-6, 2, -8], "size": [12, 12, 16], "uv": [0, 0], "mirror": false},
					{"origin": [-8, 2, -6], "size": [2, 12, 12], "uv": [0, 28], "mirror": false},
					{"origin": [6, 2, -6], "size": [2, 12, 12], "uv": [0, 28]},
					{"origin": [-6, 14, -6], "size": [12, 2, 12], "uv": [16, 40]},
					{"origin": [-6, 0, -6], "size": [12, 2, 12], "uv": [16, 40]}
				]
			},
			{
				"name": "eye",
				"parent": "head",
				"pivot": [0, 24, -8.25],
				"cubes": [
					{"origin": [-1, 6, -8.25], "size": [2, 2, 1], "uv": [8, 0]}
				]
			},
			{
				"name": "tailpart0",
				"parent": "head",
				"pivot": [0, 24, 0],
				"cubes": [
					{"origin": [-2, 6, 8], "size": [4, 4, 8], "uv": [40, 0]}
				]
			},
			{
				"name": "tailpart1",
				"parent": "tailpart0",
				"pivot": [-1.5, 24, 16],
				"cubes": [
					{"origin": [-1.5, 7, 16], "size": [3, 3, 7], "uv": [0, 54]}
				]
			},
			{
				"name": "tailpart2",
				"parent": "tailpart1",
				"pivot": [-1.5, 24, 16],
				"cubes": [
					{"origin": [-1.5, 8, 16], "size": [2, 2, 6], "uv": [41, 32]},
					{"origin": [-0.5, 3.5, 23], "size": [1, 9, 9], "uv": [25, 19]}
				]
			},
			{
				"name": "spikepart0",
				"parent": "head",
				"pivot": [0, 24, -4],
				"rotation": [25.5, 0, 0],
				"cubes": [
					{"origin": [-1, 11.5, -11], "size": [2, 9, 2], "uv": [0, 0]}
				]
			},
			{
				"name": "spikepart1",
				"parent": "head",
				"pivot": [4, 24, 0],
				"rotation": [0, 0, 21],
				"cubes": [
					{"origin": [9, 10.5, -1], "size": [2, 9, 2], "uv": [0, 0]}
				]
			},
			{
				"name": "spikepart2",
				"parent": "head",
				"pivot": [-3, 25, 0],
				"rotation": [0, 0, -14],
				"cubes": [
					{"origin": [-10, 10.5, -1], "size": [2, 9, 2], "uv": [0, 0]}
				]
			},
			{
				"name": "spikepart3",
				"parent": "head",
				"pivot": [0, 24, 0],
				"rotation": [-14.5, 0, 0],
				"cubes": [
					{"origin": [-1, 11.0315, 7.92795], "size": [2, 9, 2], "uv": [0, 0]}
				]
			},
			{
				"name": "spikepart4",
				"parent": "head",
				"pivot": [0, 24, 0],
				"cubes": [
					{"origin": [-7, 0.5, -1], "size": [2, 9, 2], "uv": [0, 0]}
				]
			},
			{
				"name": "spikepart5",
				"parent": "head",
				"pivot": [0, 24, 0],
				"cubes": [
					{"origin": [5, 0.5, -1], "size": [2, 9, 2], "uv": [0, 0]}
				]
			},
			{
				"name": "spikepart6",
				"parent": "head",
				"pivot": [0, 24, 0]
			},
			{
				"name": "spikepart7",
				"parent": "head",
				"pivot": [0, 24, 0]
			},
			{
				"name": "spikepart8",
				"parent": "head",
				"pivot": [22, 15, 4],
				"rotation": [-18, 0, 90],
				"cubes": [
					{"origin": [28, -4.5, 10], "size": [2, 9, 2], "uv": [0, 0]}
				]
			},
			{
				"name": "spikepart12",
				"parent": "head",
				"pivot": [17, 15, -18],
				"rotation": [19.5, 0, 90],
				"cubes": [
					{"origin": [23, -4.5, -12], "size": [2, 9, 2], "uv": [0, 0]}
				]
			},
			{
				"name": "spikepart9",
				"parent": "head",
				"pivot": [0, 24, 0],
				"cubes": [
					{"origin": [-1, 0.5, 5], "size": [2, 9, 2], "uv": [0, 0]}
				]
			},
			{
				"name": "spikepart10",
				"parent": "head",
				"pivot": [0, 18, 8],
				"rotation": [-25, 0, 0],
				"cubes": [
					{"origin": [-1, -5.5, 1], "size": [2, 9, 2], "uv": [0, 0]}
				]
			},
			{
				"name": "spikepart11",
				"parent": "head",
				"pivot": [9, 0, -4],
				"rotation": [14, 0, 92.5],
				"cubes": [
					{"origin": [1, -21.5, 1], "size": [2, 9, 2], "uv": [0, 0]}
				]
			},
			{
				"name": "spikepart13",
				"parent": "head",
				"pivot": [12, 0, -3],
				"rotation": [-28.5, 0, 92.5],
				"cubes": [
					{"origin": [4, -21.5, 2], "size": [2, 9, 2], "uv": [0, 0]}
				]
			}
		]
	}
}