{
	"format_version": "1.12.0",
	"minecraft:geometry": [
		{
			"description": {
				"identifier": "geometry.hoglin_npc",
				"texture_width": 128,
				"texture_height": 64,
				"visible_bounds_width": 4,
				"visible_bounds_height": 3,
				"visible_bounds_offset": [0, 1.5, 0]
			},
			"bones": [
				{
					"name": "body",
					"pivot": [0, 19, -3],
					"cubes": [
						{"origin": [-8, 11, -7], "size": [16, 14, 26], "inflate": 0.02, "uv": [1, 1]},
						{"origin": [0, 22, -10], "size": [0, 10, 19], "inflate": 0.02, "uv": [90, 33]}
					],
					"locators": {
						"lead": [0, 20, -5]
					}
				},
				{
					"name": "head",
					"parent": "body",
					"pivot": [0, 22, -5],
					"rotation": [50, 0, 0],
					"cubes": [
						{"origin": [-7, 21, -24], "size": [14, 6, 19], "uv": [61, 1]},
						{"origin": [-8, 22, -19], "size": [2, 11, 2], "uv": [1, 13]},
						{"origin": [6, 22, -19], "size": [2, 11, 2], "uv": [1, 13]}
					]
				},
				{
					"name": "right_ear",
					"parent": "head",
					"pivot": [-7, 27, -7],
					"rotation": [0, 0, -50],
					"cubes": [
						{"origin": [-13, 26, -10], "size": [6, 1, 4], "uv": [1, 1]}
					]
				},
				{
					"name": "left_ear",
					"parent": "head",
					"pivot": [7, 27, -7],
					"rotation": [0, 0, 50],
					"cubes": [
						{"origin": [7, 26, -10], "size": [6, 1, 4], "uv": [1, 6]}
					]
				},
				{
					"name": "leg0",
					"pivot": [6, 8, 17],
					"cubes": [
						{"origin": [-8, 0, 13], "size": [5, 11, 5], "uv": [21, 45]}
					]
				},
				{
					"name": "leg1",
					"pivot": [-6, 8, 17],
					"cubes": [
						{"origin": [3, 0, 13], "size": [5, 11, 5], "uv": [0, 45]}
					]
				},
				{
					"name": "leg2",
					"pivot": [-6, 12, -3],
					"cubes": [
						{"origin": [-8, 0, -6], "size": [6, 14, 6], "uv": [66, 42]}
					]
				},
				{
					"name": "leg3",
					"pivot": [6, 12, -3],
					"cubes": [
						{"origin": [2, 0, -6], "size": [6, 14, 6], "uv": [41, 42]}
					]
				}
			]
		}
	]
}