{
	"format_version": "1.10.0",
	"geometry.horse_npc": {
		"texturewidth": 128,
		"textureheight": 128,
		"visible_bounds_width": 4,
		"visible_bounds_height": 3.5,
		"visible_bounds_offset": [0, 1.25, 0],
		"bones": [
			{
				"name": "Body",
				"pivot": [0, 13, 9],
				"cubes": [
					{"origin": [-5, 11, -10], "size": [10, 10, 24], "uv": [0, 34]}
				]
			},
			{
				"name": "TailA",
				"pivot": [0, 21, 14],
				"rotation": [-65, 0, 0],
				"cubes": [
					{"origin": [-1, 20, 14], "size": [2, 2, 3], "uv": [44, 0]}
				]
			},
			{
				"name": "TailB",
				"pivot": [0, 21, 14],
				"rotation": [-65, 0, 0],
				"cubes": [
					{"origin": [-1.5, 19, 17], "size": [3, 4, 7], "uv": [38, 7]}
				]
			},
			{
				"name": "TailC",
				"pivot": [0, 21, 14],
				"rotation": [-80.34, 0, 0],
				"cubes": [
					{"origin": [-1.5, 21.5, 23], "size": [3, 4, 7], "uv": [24, 3]}
				]
			},
			{
				"name": "leg1",
				"pivot": [4, 15, 11],
				"cubes": [
					{"origin": [1.5, 8, 8.5], "size": [4, 9, 5], "uv": [78, 29]}
				]
			},
			{
				"name": "Leg1B",
				"parent": "leg1",
				"pivot": [4, 8, 11],
				"cubes": [
					{"origin": [2, 3, 9.5], "size": [3, 5, 3], "uv": [78, 43]}
				]
			},
			{
				"name": "Leg1C",
				"parent": "leg1",
				"pivot": [4, 8, 11],
				"cubes": [
					{"origin": [1.5, -0.1, 9], "size": [4, 3, 4], "uv": [78, 51]}
				]
			},
			{
				"name": "leg0",
				"pivot": [-4, 15, 11],
				"cubes": [
					{"origin": [-5.5, 8, 8.5], "size": [4, 9, 5], "uv": [96, 29]}
				]
			},
			{
				"name": "Leg2B",
				"parent": "leg0",
				"pivot": [-4, 8, 11],
				"cubes": [
					{"origin": [-5, 3, 9.5], "size": [3, 5, 3], "uv": [96, 43]}
				]
			},
			{
				"name": "Leg2C",
				"parent": "leg0",
				"pivot": [-4, 8, 11],
				"cubes": [
					{"origin": [-5.5, -0.1, 9], "size": [4, 3, 4], "uv": [96, 51]}
				]
			},
			{
				"name": "leg3",
				"pivot": [4, 15, -8],
				"cubes": [
					{"origin": [2.1, 8, -10.1], "size": [3, 8, 4], "uv": [44, 29]}
				]
			},
			{
				"name": "Leg3B",
				"parent": "leg3",
				"pivot": [4, 8, -8],
				"cubes": [
					{"origin": [2.1, 3, -9.6], "size": [3, 5, 3], "uv": [44, 41]}
				]
			},
			{
				"name": "Leg3C",
				"parent": "leg3",
				"pivot": [4, 8, -8],
				"cubes": [
					{"origin": [1.6, -0.1, -10.1], "size": [4, 3, 4], "uv": [44, 51]}
				]
			},
			{
				"name": "leg2",
				"pivot": [-4, 15, -8],
				"cubes": [
					{"origin": [-5.1, 8, -10.1], "size": [3, 8, 4], "uv": [60, 29]}
				]
			},
			{
				"name": "Leg4B",
				"parent": "leg2",
				"pivot": [-4, 8, -8],
				"cubes": [
					{"origin": [-5.1, 3, -9.6], "size": [3, 5, 3], "uv": [60, 41]}
				]
			},
			{
				"name": "Leg4C",
				"parent": "leg2",
				"pivot": [-4, 8, -8],
				"cubes": [
					{"origin": [-5.6, -0.1, -10.1], "size": [4, 3, 4], "uv": [60, 51]}
				]
			},
			{
				"name": "Head",
				"pivot": [0, 20, -10],
				"rotation": [30, 0, 0],
				"cubes": [
					{"origin": [-2.5, 25, -11.5], "size": [5, 5, 7], "uv": [0, 0]}
				]
			},
			{
				"name": "UMouth",
				"pivot": [0, 20.05, -10],
				"rotation": [30, 0, 0],
				"cubes": [
					{"origin": [-2, 27.05, -17], "size": [4, 3, 6], "uv": [24, 18]}
				]
			},
			{
				"name": "LMouth",
				"pivot": [0, 20, -10],
				"rotation": [30, 0, 0],
				"cubes": [
					{"origin": [-2, 25, -16.5], "size": [4, 2, 5], "uv": [24, 27]}
				]
			},
			{
				"name": "Ear1",
				"pivot": [0, 20, -10],
				"rotation": [30, 0, 0],
				"cubes": [
					{"origin": [0.45, 29, -6], "size": [2, 3, 1], "uv": [0, 0]}
				]
			},
			{
				"name": "Ear2",
				"pivot": [0, 20, -10],
				"rotation": [30, 0, 0],
				"cubes": [
					{"origin": [-2.45, 29, -6], "size": [2, 3, 1], "uv": [0, 0]}
				]
			},
			{
				"name": "MuleEarL",
				"pivot": [0, 20, -10],
				"rotation": [30, 0, 15],
				"cubes": [
					{"origin": [-2, 29, -6], "size": [2, 7, 1], "uv": [0, 12]}
				]
			},
			{
				"name": "MuleEarR",
				"pivot": [0, 20, -10],
				"rotation": [30, 0, -15],
				"cubes": [
					{"origin": [0, 29, -6], "size": [2, 7, 1], "uv": [0, 12]}
				]
			},
			{
				"name": "Neck",
				"pivot": [0, 20, -10],
				"rotation": [30, 0, 0],
				"cubes": [
					{"origin": [-2.05, 15.8, -12], "size": [4, 14, 8], "uv": [0, 12]}
				]
			},
			{
				"name": "Bag1",
				"pivot": [-7.5, 21, 10],
				"rotation": [0, 90, 0],
				"cubes": [
					{"origin": [-10.5, 13, 10], "size": [8, 8, 3], "uv": [0, 34]}
				]
			},
			{
				"name": "Bag2",
				"pivot": [4.5, 21, 10],
				"rotation": [0, 90, 0],
				"cubes": [
					{"origin": [1.5, 13, 10], "size": [8, 8, 3], "uv": [0, 47]}
				]
			},
			{
				"name": "Saddle",
				"pivot": [0, 22, 2],
				"cubes": [
					{"origin": [-5, 21, -1], "size": [10, 1, 8], "uv": [80, 0]}
				]
			},
			{
				"name": "SaddleB",
				"pivot": [0, 22, 2],
				"cubes": [
					{"origin": [-1.5, 22, -1], "size": [3, 1, 2], "uv": [106, 9]}
				]
			},
			{
				"name": "SaddleC",
				"pivot": [0, 22, 2],
				"cubes": [
					{"origin": [-4, 22, 5], "size": [8, 1, 2], "uv": [80, 9]}
				]
			},
			{
				"name": "SaddleL2",
				"pivot": [5, 21, 2],
				"cubes": [
					{"origin": [4.5, 13, 1], "size": [1, 2, 2], "uv": [74, 0]}
				]
			},
			{
				"name": "SaddleL",
				"pivot": [5, 21, 2],
				"cubes": [
					{"origin": [4.5, 15, 1.5], "size": [1, 6, 1], "uv": [70, 0]}
				]
			},
			{
				"name": "SaddleR2",
				"pivot": [-5, 21, 2],
				"cubes": [
					{"origin": [-5.5, 13, 1], "size": [1, 2, 2], "uv": [74, 4]}
				]
			},
			{
				"name": "SaddleR",
				"pivot": [-5, 21, 2],
				"cubes": [
					{"origin": [-5.5, 15, 1.5], "size": [1, 6, 1], "uv": [80, 0]}
				]
			},
			{
				"name": "SaddleMouthL",
				"pivot": [0, 20, -10],
				"rotation": [30, 0, 0],
				"cubes": [
					{"origin": [1.5, 26, -14], "size": [1, 2, 2], "uv": [74, 13]}
				]
			},
			{
				"name": "SaddleMouthR",
				"pivot": [0, 20, -10],
				"rotation": [30, 0, 0],
				"cubes": [
					{"origin": [-2.5, 26, -14], "size": [1, 2, 2], "uv": [74, 13]}
				]
			},
			{
				"name": "SaddleMouthLine",
				"pivot": [0, 20, -10],
				"cubes": [
					{"origin": [2.6, 23, -16], "size": [0, 3, 16], "uv": [44, 10]}
				]
			},
			{
				"name": "SaddleMouthLineR",
				"pivot": [0, 20, -10],
				"cubes": [
					{"origin": [-2.6, 23, -16], "size": [0, 3, 16], "uv": [44, 5]}
				]
			},
			{
				"name": "Mane",
				"pivot": [0, 20, -10],
				"rotation": [30, 0, 0],
				"cubes": [
					{"origin": [-1, 15.5, -5], "size": [2, 16, 4], "uv": [58, 0]}
				]
			},
			{
				"name": "HeadSaddle",
				"pivot": [0, 20, -10],
				"rotation": [30, 0, 0],
				"cubes": [
					{"origin": [-2.5, 25.1, -17], "size": [5, 5, 12], "uv": [80, 12], "inflate": 0.05}
				]
			}
		]
	}
}