{"format_version":"1.10.0","animation_controllers":{"controller.animation.shield":{"initial_state":"default","states":{"default":{"transitions":[{"shield":"(query.equipped_item_any_tag('slot.weapon.mainhand', 'minecraft:is_shield') || query.equipped_item_any_tag('slot.weapon.offhand', 'minecraft:is_shield')) && query.is_sneaking && !variable.attack_time && !query.is_using_item"},{"not_shield":"(!query.equipped_item_any_tag('slot.weapon.mainhand', 'minecraft:is_shield') || !query.equipped_item_any_tag('slot.weapon.offhand', 'minecraft:is_shield')) || !query.is_sneaking || variable.attack_time || query.is_using_item"}]},"shield":{"transitions":[{"default":"(1.0)"}],"on_entry":["/tag @s add blocking","/execute @s[tag=!generic] ~~~ tag @s add sneaky_sound","/tag @s[tag=sneaky] add generic"]},"not_shield":{"transitions":[{"default":"(1.0)"}],"on_entry":["/tag @s remove blocking"]}}}}}