{
  "format_version": "1.20.10",
  "minecraft:block": {
    "description": {
      "identifier": "nuke:nuclearwater",
      "properties": {
        "block:source": [
          true,
          false
        ],
        "block:depth": [
          4,
          5,
          3,
          2,
          1
        ]
      },
      "menu_category": {
        "category": "nature"
      }
    },
    "components": {
      "minecraft:loot": "loot_tables/blocks/nuke_nuclearwater.json",
      "minecraft:selection_box": false,
      "minecraft:destructible_by_explosion": false,
      "minecraft:queued_ticking": {
        "looping": true,
        "interval_range": [
          20,
          20
        ],
        "on_tick": {
          "event": "block:flow"
        }
      },
      "minecraft:material_instances": {
        "*": {
          "texture": "nuke_nuclearwater",
          "render_method": "opaque"
        }
      },
      "minecraft:collision_box": true,
      "minecraft:light_dampening": 0,
      "minecraft:on_player_destroyed": {
        "event": "remove:block",
        "target": "self"
      },
      "minecraft:on_step_on": {
        "event": "step:on",
        "target": "self"
      },
      "minecraft:on_step_off": {
        "event": "step:off",
        "target": "self"
      },
      "minecraft:on_placed": {
        "event": "size:block",
        "target": "self"
      },
      "minecraft:random_ticking": {
        "on_tick": {
          "range": [
            10,
            10
          ],
          "event": "random:tick",
          "target": "self"
        }
      },
      "minecraft:on_fall_on": {
        "event": "fall:on",
        "target": "self"
      },
      "tag:fluid": {},
      "tag:nuclearwater": {},
      "minecraft:light_emission": 0,
      "minecraft:destructible_by_mining": {
        "seconds_to_destroy": 0.0
      }
    },
    "permutations": [
      {
        "condition": "q.block_property('block:source')",
        "components": {
          "minecraft:selection_box": {
            "origin": [
              -7.5,
              0.5,
              -7.5
            ],
            "size": [
              15,
              13,
              15
            ]
          },
          "tag:nuclearwater_source": {}
        }
      },
      {
        "condition": "!q.block_property('block:source')",
        "components": {
          "tag:flowing_nuclearwater": {}
        }
      },
      {
        "condition": "q.block_property('block:depth') == 5",
        "components": {
          "tag:nuclearwater_5": {},
          "minecraft:geometry": "geometry.fluid.5"
        }
      },
      {
        "condition": "q.block_property('block:depth') == 4",
        "components": {
          "tag:nuclearwater_4": {},
          "minecraft:geometry": "geometry.fluid.4"
        }
      },
      {
        "condition": "q.block_property('block:depth') == 3",
        "components": {
          "tag:nuclearwater_3": {},
          "minecraft:geometry": "geometry.fluid.3"
        }
      },
      {
        "condition": "q.block_property('block:depth') == 2",
        "components": {
          "tag:nuclearwater_2": {},
          "minecraft:geometry": "geometry.fluid.2"
        }
      },
      {
        "condition": "q.block_property('block:depth') == 1",
        "components": {
          "tag:nuclearwater_1": {},
          "minecraft:geometry": "geometry.fluid.1"
        }
      }
    ],
    "events": {
      "block:flow": {
        "sequence": [
          {
            "condition": "!q.block_property('block:source') && ((q.block_property('block:depth') == 5 && !q.block_neighbor_has_any_tag(0, 1, 0, 'fluid')) || (q.block_property('block:depth') == 1 && !(q.block_neighbor_has_any_tag(1, 0, 0, 'nuclearwater_2') || q.block_neighbor_has_any_tag(-1, 0, 0, 'nuclearwater_2') || q.block_neighbor_has_any_tag(0, 0, 1, 'nuclearwater_2') || q.block_neighbor_has_any_tag(0, 0, -1, 'nuclearwater_2')) || q.block_property('block:depth') == 2 && !(q.block_neighbor_has_any_tag(1, 0, 0, 'nuclearwater_3') || q.block_neighbor_has_any_tag(-1, 0, 0, 'nuclearwater_3') || q.block_neighbor_has_any_tag(0, 0, 1, 'nuclearwater_3') || q.block_neighbor_has_any_tag(0, 0, -1, 'nuclearwater_3'))) || (q.block_property('block:depth') == 3 && !(q.block_neighbor_has_any_tag(1, 0, 0, 'nuclearwater_4', 'nuclearwater_5') || q.block_neighbor_has_any_tag(-1, 0, 0, 'nuclearwater_4', 'nuclearwater_5') || q.block_neighbor_has_any_tag(0, 0, 1, 'nuclearwater_4', 'nuclearwater_5') || q.block_neighbor_has_any_tag(0, 0, -1, 'nuclearwater_4', 'nuclearwater_5'))))",
            "die": {}
          },
          {
            "condition": "q.block_property('block:depth') == 4",
            "run_command": {
              "command": [
                "execute if block ~~~1 air run setblock ~~~1 nuke:nuclearwater [\"block:source\"=false,\"block:depth\"=3]",
                "execute if block ~~~-1 air run setblock ~~~-1 nuke:nuclearwater [\"block:source\"=false,\"block:depth\"=3]",
                "execute if block ~1~~ air run setblock ~1~~ nuke:nuclearwater [\"block:source\"=false,\"block:depth\"=3]",
                "execute if block ~-1~~ air run setblock ~-1~~ nuke:nuclearwater [\"block:source\"=false,\"block:depth\"=3]"
              ]
            }
          },
          {
            "condition": "q.block_property('block:source') && q.block_neighbor_has_any_tag(0, 1, 0, 'fluid')",
            "set_block_property": {
              "block:depth": 5
            }
          },
          {
            "condition": "q.block_property('block:source') && !q.block_neighbor_has_any_tag(0, 1, 0, 'fluid')",
            "set_block_property": {
              "block:depth": 4
            }
          },
          {
            "condition": "q.block_property('block:depth') == 3",
            "run_command": {
              "command": [
                "execute if block ~~~1 air unless block ~~-1~ air unless block ~~-1~ nuke:nuclearwater run setblock ~~~1 nuke:nuclearwater [\"block:source\"=false,\"block:depth\"=2]",
                "execute if block ~~~-1 air unless block ~~-1~ air unless block ~~-1~ nuke:nuclearwater run setblock ~~~-1 nuke:nuclearwater [\"block:source\"=false,\"block:depth\"=2]",
                "execute if block ~1~~ air unless block ~~-1~ air unless block ~~-1~ nuke:nuclearwater run setblock ~1~~ nuke:nuclearwater [\"block:source\"=false,\"block:depth\"=2]",
                "execute if block ~-1~~ air unless block ~~-1~ air unless block ~~-1~ nuke:nuclearwater run setblock ~-1~~ nuke:nuclearwater [\"block:source\"=false,\"block:depth\"=2]"
              ]
            }
          },
          {
            "condition": "q.block_property('block:depth') == 2",
            "run_command": {
              "command": [
                "execute if block ~~~1 air unless block ~~-1~ air unless block ~~-1~ nuke:nuclearwater run setblock ~~~1 nuke:nuclearwater [\"block:source\"=false,\"block:depth\"=1]",
                "execute if block ~~~-1 air unless block ~~-1~ air unless block ~~-1~ nuke:nuclearwater run setblock ~~~-1 nuke:nuclearwater [\"block:source\"=false,\"block:depth\"=1]",
                "execute if block ~1~~ air unless block ~~-1~ air unless block ~~-1~ nuke:nuclearwater run setblock ~1~~ nuke:nuclearwater [\"block:source\"=false,\"block:depth\"=1]",
                "execute if block ~-1~~ air unless block ~~-1~ air unless block ~~-1~ nuke:nuclearwater run setblock ~-1~~ nuke:nuclearwater [\"block:source\"=false,\"block:depth\"=1]"
              ]
            }
          },
          {
            "condition": "q.block_property('block:depth') == 5 && q.block_neighbor_has_any_tag(0, 1, 0, 'fluid')",
            "run_command": {
              "command": [
                "execute if block ~~-1~ nuke:nuclearwater [\"block:depth\"=3] run setblock ~~-1~ nuke:nuclearwater [\"block:source\"=false,\"block:depth\"=5]",
                "execute if block ~~-1~ nuke:nuclearwater [\"block:depth\"=2] run setblock ~~-1~ nuke:nuclearwater [\"block:source\"=false,\"block:depth\"=5]",
                "execute if block ~~-1~ nuke:nuclearwater [\"block:depth\"=1] run setblock ~~-1~ nuke:nuclearwater [\"block:source\"=false,\"block:depth\"=5]",
                "execute unless block ~~-1~ air unless block ~~-1~ nuke:nuclearwater if block ~1~~ air run setblock ~1~~ nuke:nuclearwater [\"block:source\"=false,\"block:depth\"=3]",
                "execute unless block ~~-1~ air unless block ~~-1~ nuke:nuclearwater if block ~~~1 air run setblock ~~~1 nuke:nuclearwater [\"block:source\"=false,\"block:depth\"=3]",
                "execute unless block ~~-1~ air unless block ~~-1~ nuke:nuclearwater if block ~-1~~ air run setblock ~-1~~ nuke:nuclearwater [\"block:source\"=false,\"block:depth\"=3]",
                "execute unless block ~~-1~ air unless block ~~-1~ nuke:nuclearwater if block ~~~-1 air run setblock ~~~-1 nuke:nuclearwater [\"block:source\"=false,\"block:depth\"=3]"
              ]
            }
          },
          {
            "run_command": {
              "command": "execute if block ~~-1~ air run setblock ~~-1~ nuke:nuclearwater [\"block:source\"=false,\"block:depth\"=5]"
            }
          },
          {
            "condition": "q.block_neighbor_has_any_tag(0, -1, 0, 'flowing_nuclearwater')",
            "run_command": {
              "command": "setblock ~~-1~ nuke:nuclearwater [\"block:source\"=false,\"block:depth\"=5]"
            }
          }
        ]
      },
      "block:pick_up": {
        "die": {},
        "decrement_stack": {},
        "run_command": {
          "command": "give @s lava_bucket",
          "target": "other"
        }
      },
      "remove:block": {},
      "size:block": {},
      "step:on": {},
      "step:off": {},
      "on_tick": {},
      "random:tick": {},
      "fall:on": {}
    }
  }
}