{
  "format_version": "1.10.0",
  "particle_effect": {
    "description": {
      "identifier": "minecraft:spore_blossom_shower_particle",
      "basic_render_parameters": {
        "material": "particles_alpha",
        "texture": "textures/particle/particles"
      }
    },
    "components": {
      "minecraft:emitter_shape_box": {
        "offset": [ 0.5, 0.7, 0.5 ],
        "half_dimensions": [0.25, 0, 0.25],
        "direction": [0, 0, 0],
        "surface_only": true
      },
      "minecraft:emitter_rate_manual": {
        "max_particles": 0
      },
      "minecraft:emitter_lifetime_expression": {
        "activation_expression": 1,
        "expiration_expression": 0
      },
      "minecraft:particle_initialization": {
        "per_update_expression": "variable.stuck_time = variable.particle_random_1 * 7 + 1;",
        "per_render_expression": "variable.stuck_time = variable.particle_random_1 * 7 + 1;"
      },
      "minecraft:particle_initial_speed": 0.0,
      "minecraft:particle_lifetime_expression": {
        "max_lifetime": 10.0
      },
      "minecraft:particle_motion_dynamic": {
        "linear_acceleration": [ 0.0, -3.5, 0 ],
        "linear_drag_coefficient": "variable.stuck_time = variable.particle_random_1 * 7 + 1; return variable.particle_age < variable.stuck_time ? 200 : 1;"
      },
      "minecraft:particle_motion_collision": {
        "coefficient_of_restitution": 0.1,
        "collision_drag": 10.0,
        "collision_radius": 0.01,
        "expire_on_contact": true
      },
      "minecraft:particle_appearance_billboard": {
        "size": ["return variable.particle_age < variable.stuck_time ? 0.0 : 0.15;", 0.15],
        "facing_camera_mode": "lookat_xyz",
        "uv": {
          "texture_width": 128,
          "texture_height": 128,
          "uv": [ 8, 56 ],
          "uv_size": [ 8, 8 ]
        }
      },
      "minecraft:particle_appearance_tinting": {
        "color": [ 0.32, 0.50, 0.22 ]
      },
      "minecraft:particle_appearance_lighting": {}
    }
  }
}