{
  "format_version": "1.8.0",
  "render_controllers": {
		"controller.render.stray_overlay":{
			"geometry": "geometry.overlay_stray",
			"materials": [ { "*": "Material.default" } ],
			"textures": [ "Texture.overlay_stray" ]
		},
		"controller.render.npc_monsters": {
			"arrays": {
				"textures": {
					"Array.skins": [ 
						"Texture.monster0",
						"Texture.monster1",
						"Texture.monster2",
						"Texture.monster3",
						"Texture.monster4",
						"Texture.monster5",
						"Texture.monster6",
						"Texture.monster7",
						"Texture.monster8",
						"Texture.monster9",
						"Texture.monster10",
						"Texture.monster11",
						"Texture.monster12",
						"Texture.monster13",
						"Texture.monster14",
						"Texture.monster15",
						"Texture.monster16",
						"Texture.monster17",
						"Texture.monster18",
						"Texture.monster19",
						"Texture.monster20",
						"Texture.monster21",
						"Texture.monster22",
						"Texture.monster23",
						"Texture.monster24",
						"Texture.monster25",
						"Texture.monster26",
						"Texture.monster27",
						"Texture.monster28",
						"Texture.monster29"
					]
				},
				"geometries":{
				"array.geos":[
				"geometry.monster0",
				"geometry.monster1",
				"geometry.monster2",
				"geometry.monster3",
				"geometry.monster4",
				"geometry.monster5",
				"geometry.monster6",
				"geometry.monster7",
				"geometry.monster8",
				"geometry.monster9",
				"geometry.monster10",
				"geometry.monster11",
				"geometry.monster12",
				"geometry.monster13",
				"geometry.monster14",
				"geometry.monster15",
				"geometry.monster16",
				"geometry.monster17",
				"geometry.monster18",
				"geometry.monster19",
				"geometry.monster20",
				"geometry.monster21",
				"geometry.monster22",
				"geometry.monster23",
				"geometry.monster24",
				"geometry.monster25",
				"geometry.monster26",
				"geometry.monster27",
				"geometry.monster28",
				"geometry.monster29"
				]		
				}
		},
			"geometry": "Array.geos[query.variant]",
			"materials": [ { "*": "Material.default" } ],
			"textures": [ "Array.skins[query.variant]" ]
		}
	}
}
