{
  "format_version": "1.8.0",
  "render_controllers": {
		"controller.render.npc_animals": {
			"arrays": {
				"textures": {
					"Array.skins": [ 
						"Texture.animal0",
						"Texture.animal1",
						"Texture.animal2",
						"Texture.animal3",
						"Texture.animal4",
						"Texture.animal5",
						"Texture.animal6",
						"Texture.animal7",
						"Texture.animal8",
						"Texture.animal9",
						"Texture.animal10",
						"Texture.animal11",
						"Texture.animal12",
						"Texture.animal13",
						"Texture.animal14",
						"Texture.animal15",
						"Texture.animal16",
						"Texture.animal17",
						"Texture.animal18",
						"Texture.animal19"
					]
				},
				"geometries":{
				"array.geos":[
				"geometry.animal0",
				"geometry.animal1",
				"geometry.animal2",
				"geometry.animal3",
				"geometry.animal4",
				"geometry.animal5",
				"geometry.animal6",
				"geometry.animal7",
				"geometry.animal8",
				"geometry.animal9",
				"geometry.animal10",
				"geometry.animal11",
				"geometry.animal12",
				"geometry.animal13",
				"geometry.animal14",
				"geometry.animal15",
				"geometry.animal16",
				"geometry.animal17",
				"geometry.animal18",
				"geometry.animal19"
				]		
				}
		},
			"geometry": "Array.geos[query.variant]",
			"materials": [ { "*": "Material.default" } ],
			"textures": [ "Array.skins[query.variant]" ]
		}
	}
}
