{
	"namespace": "hud",

	
	"hud_content": { 
		"type": "panel",
		"$hud_size": [
			"100%",
			"100%"
		],
		"$hud_player_rend_desktop_offset|default": [
			15,
			15
		],
		"variables": [
			{
				"requires": "($is_holographic and not $is_living_room_mode)",
				"$hud_player_rend_desktop_offset": [
					100,
					50
				]
			},
			{
				"requires": "($compress_hud_width)",
				"$hud_size": [
					"90%",
					"100%"
				]
			}
		],
		"size": "$hud_size",
		"controls": [
			{
				"root_panel@hud.root_panel": {}
			},
			{
				"camera_renderer@camera_renderer": {}
			},
						{
				"chat_panel@hud.chat_panel": {
				"layer": 1336,
				"clips_children": true,
				"anchor_from": "bottom_left",
				"anchor_to": "bottom_left",
				"visible": true, 
				"size": [ "40%", "40%" ],
				"offset": [ 0, -30 ]
				}
			}
		]
	},
	"chat_panel": {
    "type": "panel",
	"visible": false, 
	"clips_children": true,
    "anchor_from": "top_left",
    "anchor_to": "top_left",
    "size": [ "100%", "100%c" ],
    "max_size": [ "100%", "50%" ],

    "controls": [
      {
        "stack_panel": {
          "type": "stack_panel",
          "anchor_from": "bottom_left",
          "anchor_to": "bottom_left",
          "factory": {
            "name": "chat_item_factory",
            "max_children_size": 50,
            "control_ids": {
              "chat_item": "chat_item@hud.chat_grid_item"
            }
          }
        }
      }
    ]
  }
}