{
"resource_pack_name":"vanilla",
"texture_name":"atlas.terrain",
"padding":8,
"num_mip_levels":4,
"texture_data":{
"grass_side":{
"textures":[
{
"path":"textures/blocks/grass_top",
"overlay_color":"#79c05a"
},
{
"path":"textures/blocks/grass_side",
"overlay_color":"#8ab689"
},
{
"path":"textures/blocks/grass_top",
"overlay_color":"#bfb755"
},
{
"path":"textures/blocks/grass_top",
"overlay_color":"#59c93c"
},
{
"path":"textures/blocks/grass_top",
"overlay_color":"#55c93f"
},
{
"path":"textures/blocks/grass_top",
"overlay_color":"#88bb66"
},
{
"path":"textures/blocks/grass_top",
"overlay_color":"#86b87f"
},
{
"path":"textures/blocks/grass_top",
"overlay_color":"#64c73f"
},
{
"path":"textures/blocks/grass_top",
"overlay_color":"#86b783"
},
{
"path":"textures/blocks/grass_top",
"overlay_color":"#83b593"
},
{
"path":"textures/blocks/grass_top",
"overlay_color":"#80b497"
},
{
"path":"textures/blocks/grass_top",
"overlay_color":"#91bd59"
},
{
"path":"textures/blocks/grass_top",
"overlay_color":"#90814d"
},
{
"path":"textures/blocks/grass_top",
"overlay_color":"#8eb971"
},
{
"path":"textures/blocks/grass_top",
"overlay_color":"#6a7039"
},
{
"path":"textures/blocks/grass_top",
"overlay_color":"#507a32"
},
"textures/blocks/grass_side_snowed"
]
},
"grass_bottom":{
"textures":[
{
"path":"textures/blocks/grass_top",
"overlay_color":"#79c05a"
},
{
"path":"textures/blocks/grass_side",
"overlay_color":"#8ab689"
},
{
"path":"textures/blocks/grass_top",
"overlay_color":"#bfb755"
},
{
"path":"textures/blocks/grass_top",
"overlay_color":"#59c93c"
},
{
"path":"textures/blocks/grass_top",
"overlay_color":"#55c93f"
},
{
"path":"textures/blocks/grass_top",
"overlay_color":"#88bb66"
},
{
"path":"textures/blocks/grass_top",
"overlay_color":"#86b87f"
},
{
"path":"textures/blocks/grass_top",
"overlay_color":"#64c73f"
},
{
"path":"textures/blocks/grass_top",
"overlay_color":"#86b783"
},
{
"path":"textures/blocks/grass_top",
"overlay_color":"#83b593"
},
{
"path":"textures/blocks/grass_top",
"overlay_color":"#80b497"
},
{
"path":"textures/blocks/grass_top",
"overlay_color":"#91bd59"
},
{
"path":"textures/blocks/grass_top",
"overlay_color":"#90814d"
},
{
"path":"textures/blocks/grass_top",
"overlay_color":"#8eb971"
},
{
"path":"textures/blocks/grass_top",
"overlay_color":"#6a7039"
},
{
"path":"textures/blocks/grass_top",
"overlay_color":"#507a32"
}
]
},
"grass_carried_top":{
"textures":"textures/blocks/grass_carried"
},
"grass_carried_bottom":{
"textures":"textures/blocks/grass_carried"
},
"grass_carried":{
"textures":{
"path":"textures/blocks/grass_carried",
"overlay_color":"#79c05a"
}
},
"hopper_top":{
"textures":[
"textures/blocks/hopper_top",
"textures/blocks/hopper_top_1",
"textures/blocks/hopper_top_2",
"textures/blocks/hopper_top_3",
"textures/blocks/hopper_top_4",
"textures/blocks/hopper_top_5",
"textures/blocks/hopper_top_6",
"textures/blocks/hopper_top_7",
"textures/blocks/hopper_top_8",
"textures/blocks/hopper_top_9",
"textures/blocks/hopper_top_10",
"textures/blocks/hopper_top_11",
"textures/blocks/hopper_top_12",
"textures/blocks/hopper_top_13"
]
},
"observer_north":{
"textures":[
"textures/blocks/observer_front",
"textures/blocks/observer_front_lit"
]
},
"observer_south":{
"textures":["textures/blocks/observer_back",
"textures/blocks/observer_back_lit"
]
},
"observer_top":{
"textures":["textures/blocks/observer_top",
"textures/blocks/observer_top_lit"
]
},
"observer_bottom":{
"textures":["textures/blocks/observer_top",
"textures/blocks/observer_top_lit"
]
},
"observer_east":{
"textures":["textures/blocks/observer_side",
"textures/blocks/observer_side_lit"
]
},
"observer_west":{
"textures":["textures/blocks/observer_side",
"textures/blocks/observer_side_lit"
]
}
}
}