{
"format_version":"1.16.100",
"minecraft:fog_settings":{
"description":{
"identifier":"turtle:fog_default"
},
"distance":{
"air":{
"fog_start":0,
"fog_end":1,
"fog_color":"#ABD2FF",
"render_distance_type":"render"
},
"water":{
"fog_start":10000,
"fog_end":10000,
"fog_color":"#991A00",
"render_distance_type":"fixed"
},
"weather":{
"fog_start":0,
"fog_end":1,
"fog_color":"#ABD2FF",
"render_distance_type":"render"
},
"lava":{
"fog_start":10000,
"fog_end":10000,
"fog_color":"#991A00",
"render_distance_type":"fixed"
},
"lava_resistance":{
"fog_start":10000,
"fog_end":10000,
"fog_color":"#991A00",
"render_distance_type":"fixed"
}
}
}
}
