{
	"format_version": "1.12.0",
	"minecraft:geometry": [
		{
			"description": {
				"identifier": "geometry.enchant_book",
				"texture_width": 16,
				"texture_height": 16,
				"visible_bounds_width": 3,
				"visible_bounds_height": 2.5,
				"visible_bounds_offset": [0, 0.75, 0]
			},
			"bones": [
				{
					"name": "enchant_book",
					"pivot": [0, 3, 0]
				},
				{
					"name": "bone",
					"parent": "enchant_book",
					"pivot": [-1, -2, -1],
					"rotation": [-90, 12.5, -90]
				},
				{
					"name": "head",
					"parent": "bone",
					"pivot": [1.03293, 0.01118, -1],
					"cubes": [
						{
							"origin": [1.03293, -4.98882, -1],
							"size": [0, 10, 2],
							"uv": {
								"north": {"uv": [0, 0], "uv_size": [0, 10]},
								"east": {"uv": [2.82353, 0], "uv_size": [0.41176, 8.35294]},
								"south": {"uv": [0, 0.82353], "uv_size": [0, 9.17647]},
								"west": {"uv": [2.82353, 0], "uv_size": [0.41176, 8.35294]},
								"up": {"uv": [0, 7], "uv_size": [0, -7]},
								"down": {"uv": [0, 7], "uv_size": [0, -7]}
							}
						}
					],
					"locators": {
						"locator": [10, 0, 0]
					}
				},
				{
					"name": "l",
					"parent": "head",
					"pivot": [1.03293, 0.01118, -1],
					"rotation": [0, -90, 0],
					"cubes": [
						{
							"origin": [1.03393, -4.98882, -7],
							"size": [0, 10, 6],
							"pivot": [1.03393, 0.01118, -1],
							"rotation": [0, 2, 0],
							"uv": {
								"north": {"uv": [0, 0], "uv_size": [0, 10]},
								"east": {"uv": [3.29412, 0], "uv_size": [2.29412, 8.35294]},
								"south": {"uv": [0, 0.82353], "uv_size": [0, 9.17647]},
								"west": {"uv": [0, 0], "uv_size": [2.76471, 8.35294]},
								"up": {"uv": [0, 7], "uv_size": [0, -7]},
								"down": {"uv": [0, 7], "uv_size": [0, -7]}
							}
						}
					]
				},
				{
					"name": "bone1",
					"parent": "l",
					"pivot": [1.03293, 0.01118, 0],
					"cubes": [
						{
							"origin": [2.03293, -3.98882, 0],
							"size": [5, 8, 1],
							"pivot": [1.03293, 0.01118, 0],
							"rotation": [0, 90, 0],
							"uv": {
								"north": {"uv": [0.64706, 9.41176], "uv_size": [2.17647, 6.58824]},
								"east": {"uv": [0.70588, 8.70588], "uv_size": [2.35294, 0.47059]},
								"south": {"uv": [0.47059, 9.29412], "uv_size": [2.29412, 6.70588]},
								"west": {"uv": [0.94118, 8.47059], "uv_size": [1.41176, 0.47059]},
								"up": {"uv": [2.64706, 8.47059], "uv_size": [-1.70588, 0.47059]},
								"down": {"uv": [4.05882, 8.94118], "uv_size": [-1.23529, -0.47059]}
							}
						}
					]
				},
				{
					"name": "r",
					"parent": "head",
					"pivot": [1.03293, 0.01118, 1],
					"rotation": [0, 90, 0],
					"cubes": [
						{
							"origin": [1.03393, -4.98882, 1],
							"size": [0, 10, 6],
							"pivot": [1.03393, 0.01118, 1],
							"rotation": [0, -1, 0],
							"uv": {
								"north": {"uv": [0, 0], "uv_size": [0, 10]},
								"east": {"uv": [10.35294, 0], "uv_size": [2.29412, 8.35294]},
								"south": {"uv": [0, 0], "uv_size": [0, 10]},
								"west": {"uv": [7.52941, 0], "uv_size": [2.76471, 8.35294]},
								"up": {"uv": [0, 7], "uv_size": [0, -7]},
								"down": {"uv": [0, 7], "uv_size": [0, -7]}
							}
						}
					]
				},
				{
					"name": "bone2",
					"parent": "r",
					"pivot": [1.03293, 0.01118, 0],
					"cubes": [
						{
							"origin": [2.03293, -3.98882, -1],
							"size": [5, 8, 1],
							"pivot": [1.03293, 0.01118, 0],
							"rotation": [0, -90, 0],
							"uv": {
								"north": {"uv": [0.64706, 9.41176], "uv_size": [2.17647, 6.58824]},
								"east": {"uv": [1.05882, 8.47059], "uv_size": [1.88235, 0.47059]},
								"south": {"uv": [0.47059, 9.29412], "uv_size": [2.29412, 6.70588]},
								"west": {"uv": [7.05882, 8.47059], "uv_size": [1.88235, 0.47059]},
								"up": {"uv": [5, 8.47059], "uv_size": [-1.23529, 0.47059]},
								"down": {"uv": [3.11765, 8.94118], "uv_size": [-1.70588, -0.47059]}
							}
						}
					]
				},
				{
					"name": "page",
					"parent": "head",
					"pivot": [1.03293, 0.01118, 0],
					"rotation": [0, -2.5, 0],
					"cubes": [
						{
							"origin": [1.03293, -3.98882, 0],
							"size": [5, 8, 0],
							"pivot": [1.03293, 0.01118, 0],
							"rotation": [0, 2.5, 0],
							"uv": {
								"north": {"uv": [0.64706, 9.41176], "uv_size": [2.17647, 6.58824]},
								"east": {"uv": [1.05882, 8.47059], "uv_size": [1.88235, 0.47059]},
								"south": {"uv": [0.47059, 9.29412], "uv_size": [2.29412, 6.70588]},
								"west": {"uv": [7.05882, 8.47059], "uv_size": [1.88235, 0.47059]},
								"up": {"uv": [5, 8.47059], "uv_size": [-1.23529, 0.47059]},
								"down": {"uv": [3.11765, 8.94118], "uv_size": [-1.70588, -0.47059]}
							}
						}
					]
				}
			]
		}
	]
}