{
  "format_version": "1.8.0",
  "geometry.nuke_trick": {
    "texturewidth": 64,
    "textureheight": 32,
    "visible_bounds_width": 2,
    "visible_bounds_height": 2,
    "visible_bounds_offset": [
      0,
      1,
      0
    ],
    "bones": [
      {
        "name": "body",
        "pivot": [
          0,
          24,
          0
        ],
        "cubes": [
          {
            "origin": [
              -4,
              12,
              -2
            ],
            "size": [
              8,
              12,
              4
            ],
            "uv": [
              16,
              16
            ],
            "inflate": 1
          }
        ]
      },
      {
        "name": "head",
        "pivot": [
          0,
          24,
          0
        ],
        "cubes": [
          {
            "origin": [
              -4,
              24,
              -4
            ],
            "size": [
              8,
              8,
              8
            ],
            "uv": [
              32,
              0
            ],
            "inflate": 1.5
          },
          {
            "origin": [
              -4,
              24,
              -4
            ],
            "size": [
              8,
              8,
              8
            ],
            "uv": [
              0,
              0
            ],
            "inflate": 1
          }
        ]
      },
      {
        "name": "rightArm",
        "pivot": [
          -5,
          22,
          0
        ],
        "cubes": [
          {
            "origin": [
              -8,
              12,
              -2
            ],
            "size": [
              4,
              12,
              4
            ],
            "uv": [
              40,
              16
            ],
            "inflate": 0.75
          }
        ]
      },
      {
        "name": "leftArm",
        "pivot": [
          5,
          22,
          0
        ],
        "cubes": [
          {
            "origin": [
              4,
              12,
              -2
            ],
            "size": [
              4,
              12,
              4
            ],
            "uv": [
              40,
              16
            ],
            "inflate": 0.75
          }
        ]
      },
      {
        "name": "rightLeg",
        "pivot": [
          -1.9,
          12,
          0
        ],
        "cubes": [
          {
            "origin": [
              -4.25,
              0,
              -2
            ],
            "size": [
              4,
              12,
              4
            ],
            "uv": [
              0,
              16
            ],
            "inflate": 0.5
          }
        ]
      },
      {
        "name": "leftLeg",
        "pivot": [
          1.9,
          12,
          0
        ],
        "cubes": [
          {
            "origin": [
              0.25,
              0,
              -2
            ],
            "size": [
              4,
              12,
              4
            ],
            "uv": [
              0,
              16
            ],
            "inflate": 0.5
          }
        ]
      }
    ]
  }
}