{"format_version":"1.10.0","particle_effect":{"description":{"identifier":"minecraft:water_splash_particle","basic_render_parameters":{"material":"particles_alpha","texture":"textures/particle/particles"}},"components":{"minecraft:emitter_rate_instant":{"num_particles":50},"minecraft:emitter_lifetime_once":{},"minecraft:emitter_shape_point":{"direction":["variable.direction.x","variable.direction.y","variable.direction.z"],"offset":[0.0,0.5,0.0]},"minecraft:particle_initial_speed":1.0,"minecraft:particle_lifetime_expression":{"max_lifetime":"Math.Random(0.4, 2.0)"},"minecraft:particle_motion_dynamic":{"linear_acceleration":[6.0,"30.0 + variable.particle_random_2*60.0 - variable.particle_age*410.0",6.0],"linear_drag_coefficient":20.0},"minecraft:particle_motion_collision":{"coefficient_of_restitution":0.1,"collision_drag":10.0,"collision_radius":0.01},"minecraft:particle_appearance_billboard":{"size":[0.2,0.2],"facing_camera_mode":"lookat_xyz","uv":{"texture_width":128,"texture_height":128,"uv":["24+Math.Round(variable.particle_random_1*3.0)*8",8],"uv_size":[8,8]}},"minecraft:particle_appearance_tinting":{"color":[1.0,1.0,1.0,1.0]},"minecraft:particle_expire_if_not_in_blocks":["minecraft:air"],"minecraft:particle_appearance_lighting":{}}}}