{
  "format_version": "1.10.0",
  "minecraft:client_entity": {
    "description": {
      "identifier": "npc:npc_animals",
      "materials": {
        "default": "entity_alphatest"
      },
      "textures": {
		"animal0": "textures/entity/wolf/wolf",
		"animal1": "textures/entity/pig/pig",
		"animal2": "textures/entity/cow/cow",
		"animal3": "textures/entity/horse/horse_brown",
		"animal4":  "textures/entity/cat/ocelot",
		"animal5":  "textures/entity/cat/jellie",
		"animal6":  "textures/entity/chicken",
		"animal7":  "textures/entity/horse/donkey",
		"animal8":  "textures/entity/fox/fox",
		"animal9":  "textures/entity/fox/arctic_fox",
		"animal10":  "textures/entity/llama/llama_creamy",
		"animal11":  "textures/entity/cow/mooshroom",
		"animal12":  "textures/entity/cow/brown_mooshroom",
		"animal13":  "textures/entity/panda/panda",
		"animal14":  "textures/entity/parrot/parrot_blue",
		"animal15":  "textures/entity/polarbear",
		"animal16":  "textures/entity/rabbit/brown",
		"animal17":  "textures/entity/strider/strider",
		"animal18":  "textures/entity/bat",
		"animal19":  "textures/entity/bee/bee"
      },
      "geometry": {
        "animal0": "geometry.wolf_npc",
		"animal1": "geometry.pig.v1.8",
		"animal2": "geometry.cow.v1.8",
		"animal3": "geometry.horse_npc",
		"animal4": "geometry.ocelot.v1.8",
		"animal5": "geometry.cat",
		"animal6": "geometry.chicken.v1.12",
		"animal7": "geometry.horse_npc",
		"animal8": "geometry.fox",
		"animal9": "geometry.fox",
		"animal10": "geometry.llama.v1.8",
		"animal11": "geometry.mooshroom.v1.8",
		"animal12": "geometry.mooshroom.v1.8",
		"animal13": "geometry.panda",
		"animal14": "geometry.parrot",
		"animal15": "geometry.polarbear",
		"animal16": "geometry.rabbit.v1.8",
		"animal17": "geometry.strider",
		"animal18": "geometry.bat",
		"animal19": "geometry.bee_npc"
      },
			"scripts": {
			"pre_animation": [
          "variable.animation_speed = Math.min(query.modified_move_speed, 0.25);",
          "variable.speed = 85.9437;",
          "variable.bristle_flow=Math.cos(query.modified_distance_moved * variable.speed + 180) * variable.animation_speed;",
		  "variable.bristle_range_mod=1;",
          "variable.bristle_speed_mod=1;"
        ],
        "animate": [
			{"look_at_target": "(query.variant!=3 && query.variant!=7)"},
			{"wolf_setup": "query.variant==0"},
			{"wolf_move": "query.variant==0 || query.variant==1 || query.variant==2 || query.variant==3 || query.variant==7 || query.variant==8 || query.variant==9 || query.variant==10 || query.variant==11 || query.variant==12 || query.variant==13 || query.variant==15"},
			{"wolf_tail_default": "query.variant==0"},
			{"pig_setup": "query.variant==1"},
			{"cow_setup": "query.variant==2"},
			{"llama_setup": "query.variant==10"},
			{"mooshroom_setup": "query.variant==11 || query.variant==12"},
			{"bat_setup": "query.variant==18"},
			{"bee_setup": "query.variant==19"},
			{"strider_walk": "query.variant==17"},
			{"bristle_flow": "query.variant==17"},
			{"strider_look": "query.variant==17"},
			{"cat_walk": "query.variant==4 || query.variant==5"},
			{"chicken_walk": "query.variant==6"},
			{"parrot_move": "query.variant==14"}

        ]
      },
      "animations": {
		"wolf_setup": "animation.wolf.setup",
		"wolf_tail_default": "animation.wolf.tail_default",
		"pig_setup": "animation.pig.setup",
		"cow_setup": "animation.cow.setup",
		"llama_setup": "animation.llama.setup",
		"mooshroom_setup": "animation.mooshroom.setup",
		"bat_setup": "animation.bat.flying",
		"bee_setup": "animation.bee.flying",
		"bristle_flow": "animation.strider.bristle_flow",
		"strider_look": "animation.strider.look_at_target.default",
		"look_at_target": "animation.common.look_at_target",
		"wolf_move": "animation.wolf.leg_default",
		"quad_move": "animation.quadruped.walk",
		"cat_walk": "animation.cat.walk",
		"chicken_walk": "animation.chicken.move",
		"parrot_move": "animation.parrot.moving",
		"polar_move": "animation.polarbear.move",
		"strider_walk": "animation.strider.walk"
      },
      "render_controllers": [ "controller.render.npc_animals" ],
      "spawn_egg": {
        "texture": "spawn_egg",
        "texture_index": 35
      }
    }
  }
}