{
  "gold_ore": {"blockshape":"chorus_flower"},
  "iron_ore": {"blockshape":"chorus_flower"},
  "coal_ore": {"blockshape":"chorus_flower"},
  "lapis_ore": {"blockshape":"chorus_flower"},
  "diamond_ore": {"blockshape":"chorus_flower"},
  "redstone_ore": {"blockshape":"chorus_flower"},
  "lit_redstone_ore": {"blockshape":"chorus_flower"},
  "emerald_ore": {"blockshape":"chorus_flower"},
  "ancient_debris": {"blockshape":"chorus_flower"},
  "quartz_ore": {"blockshape":"chorus_flower"},
  "nether_gold_ore": {"blockshape":"chorus_flower"},
  "deepslate_gold_ore": {"blockshape":"chorus_flower"},
  "deepslate_iron_ore": {"blockshape":"chorus_flower"},
  "deepslate_coal_ore": {"blockshape":"chorus_flower"},
  "deepslate_lapis_ore": {"blockshape":"chorus_flower"},
  "deepslate_diamond_ore": {"blockshape":"chorus_flower"},
  "deepslate_redstone_ore": {"blockshape":"chorus_flower"},
  "lit_deepslate_redstone_ore": {"blockshape":"chorus_flower"},
  "deepslate_emerald_ore": {"blockshape":"chorus_flower"},
  "deepslate_copper_ore": {"blockshape":"chorus_flower"},
  "copper_ore": {"blockshape":"chorus_flower"}
}