{
	"format_version": "1.12",
	"minecraft:recipe_shaped": {
		"description": {
			"identifier": "minecraft:enchant_table_plus"
		},
		"tags": [
			"crafting_table"
		],
		"pattern": [
			" C ",
			"ABA",
			"BBB"
		],
		"key": {
			"A": {
				"item": "minecraft:emerald",
				"data": 0
			},
			"B": {
				"item": "minecraft:obsidian",
				"data": 0
			},
			"C": {
				"item": "minecraft:book",
				"data": 0
			}
		},
		"result": {
			"item": "da:enchant_table_plus",
			"count": 1
		}
	}
}
