{
  "format_version": "1.16.100",
  "minecraft:item": {
    "description": {
      "identifier": "nuke:l",
      "category": "equipment"
    },
    "components": {
      "minecraft:icon": {
        "texture": "nuke_l"
      },
      "minecraft:creative_category": {
        "parent": "itemGroup.name.helmet"
      },
      "minecraft:max_stack_size": 1,
      "minecraft:enchantable": {
        "value": 10,
        "slot": "armor_head"
      },
      "minecraft:durability": {
        "max_durability": 32767,
        "damage_chance": {
          "min": 60,
          "max": 100
        }
      },
      "minecraft:knockback_resistance": {
        "protection": 1000
      },
      "minecraft:mining_speed": 5,
      "minecraft:foil": true,
      "minecraft:hand_equipped": false,
      "minecraft:wearable": {
        "slot": "slot.armor.head"
      },
      "minecraft:render_offsets": {
        "main_hand": {
          "third_person": {
            "scale": [
              0.1,
              0.1,
              0.1
            ]
          },
          "first_person": {
            "scale": [
              0.037999999999977205,
              0.037999999999977205,
              0.037999999999977205
            ]
          }
        },
        "off_hand": {
          "third_person": {
            "scale": [
              0.1,
              0.1,
              0.1
            ]
          },
          "first_person": {
            "scale": [
              0.037999999999977205,
              0.037999999999977205,
              0.037999999999977205
            ]
          }
        }
      },
      "minecraft:repairable": {
        "repair_items": [
          {
            "items": [
              "minecraft:emerald",
              "nuke:l"
            ],
            "repair_amount": 10
          }
        ]
      },
      "minecraft:armor": {
        "protection": 1000
      },
      "minecraft:display_name": {},
      "minecraft:allow_off_hand": false,
      "tag:minecraft:is_armor": {},
      "tag:minecraft:transformable_items": {},
      "tag:minecraft:trimmable_armors": {}
    }
  }
}