{
  "format_version": "1.12.0",
  "minecraft:geometry": [
    {
      "description": {
        "visible_bounds_offset": [
          0,
          0.75,
          0
        ],
        "texture_height": 16,
        "texture_width": 16,
        "identifier": "geometry.fluid.1",
        "visible_bounds_width": 2,
        "visible_bounds_height": 2.5
      },
      "bones": [
        {
          "name": "fluid",
          "pivot": [
            0,
            0,
            0
          ],
          "cubes": [
            {
              "origin": [
                -8,
                0,
                -8
              ],
              "size": [
                16,
                2,
                16
              ],
              "uv": {
                "south": {
                  "uv": [
                    0,
                    0
                  ],
                  "uv_size": [
                    16,
                    2
                  ]
                },
                "down": {
                  "uv": [
                    16,
                    16
                  ],
                  "uv_size": [
                    -16,
                    -16
                  ]
                },
                "north": {
                  "uv": [
                    0,
                    0
                  ],
                  "uv_size": [
                    16,
                    2
                  ]
                },
                "up": {
                  "uv": [
                    16,
                    16
                  ],
                  "uv_size": [
                    -16,
                    -16
                  ]
                },
                "east": {
                  "uv": [
                    0,
                    0
                  ],
                  "uv_size": [
                    16,
                    2
                  ]
                },
                "west": {
                  "uv": [
                    0,
                    0
                  ],
                  "uv_size": [
                    16,
                    2
                  ]
                }
              }
            }
          ]
        }
      ]
    },
    {
      "description": {
        "visible_bounds_offset": [
          0,
          0.75,
          0
        ],
        "texture_height": 16,
        "texture_width": 16,
        "identifier": "geometry.fluid.2",
        "visible_bounds_width": 2,
        "visible_bounds_height": 2.5
      },
      "bones": [
        {
          "name": "fluid",
          "pivot": [
            0,
            0,
            0
          ],
          "cubes": [
            {
              "origin": [
                -8,
                0,
                -8
              ],
              "size": [
                16,
                6,
                16
              ],
              "uv": {
                "south": {
                  "uv": [
                    0,
                    0
                  ],
                  "uv_size": [
                    16,
                    6
                  ]
                },
                "down": {
                  "uv": [
                    16,
                    16
                  ],
                  "uv_size": [
                    -16,
                    -16
                  ]
                },
                "north": {
                  "uv": [
                    0,
                    0
                  ],
                  "uv_size": [
                    16,
                    6
                  ]
                },
                "up": {
                  "uv": [
                    16,
                    16
                  ],
                  "uv_size": [
                    -16,
                    -16
                  ]
                },
                "east": {
                  "uv": [
                    0,
                    0
                  ],
                  "uv_size": [
                    16,
                    6
                  ]
                },
                "west": {
                  "uv": [
                    0,
                    0
                  ],
                  "uv_size": [
                    16,
                    6
                  ]
                }
              }
            }
          ]
        }
      ]
    },
    {
      "bones": [
        {
          "name": "fluid",
          "pivot": [
            0,
            0,
            0
          ],
          "cubes": [
            {
              "origin": [
                -8,
                0,
                -8
              ],
              "size": [
                16,
                10,
                16
              ],
              "uv": {
                "south": {
                  "uv": [
                    0,
                    0
                  ],
                  "uv_size": [
                    16,
                    10
                  ]
                },
                "down": {
                  "uv": [
                    16,
                    16
                  ],
                  "uv_size": [
                    -16,
                    -16
                  ]
                },
                "north": {
                  "uv": [
                    0,
                    0
                  ],
                  "uv_size": [
                    16,
                    10
                  ]
                },
                "up": {
                  "uv": [
                    16,
                    16
                  ],
                  "uv_size": [
                    -16,
                    -16
                  ]
                },
                "east": {
                  "uv": [
                    0,
                    0
                  ],
                  "uv_size": [
                    16,
                    10
                  ]
                },
                "west": {
                  "uv": [
                    0,
                    0
                  ],
                  "uv_size": [
                    16,
                    10
                  ]
                }
              }
            }
          ]
        }
      ],
      "description": {
        "visible_bounds_offset": [
          0,
          0.75,
          0
        ],
        "texture_height": 16,
        "texture_width": 16,
        "identifier": "geometry.fluid.3",
        "visible_bounds_width": 2,
        "visible_bounds_height": 2.5
      }
    },
    {
      "description": {
        "visible_bounds_offset": [
          0,
          0.75,
          0
        ],
        "texture_height": 16,
        "texture_width": 16,
        "identifier": "geometry.fluid.4",
        "visible_bounds_width": 2,
        "visible_bounds_height": 2.5
      },
      "bones": [
        {
          "name": "fluid",
          "pivot": [
            0,
            0,
            0
          ],
          "cubes": [
            {
              "origin": [
                -8,
                0,
                -8
              ],
              "size": [
                16,
                14,
                16
              ],
              "uv": {
                "south": {
                  "uv": [
                    0,
                    0
                  ],
                  "uv_size": [
                    16,
                    14
                  ]
                },
                "down": {
                  "uv": [
                    16,
                    16
                  ],
                  "uv_size": [
                    -16,
                    -16
                  ]
                },
                "north": {
                  "uv": [
                    0,
                    0
                  ],
                  "uv_size": [
                    16,
                    14
                  ]
                },
                "up": {
                  "uv": [
                    16,
                    16
                  ],
                  "uv_size": [
                    -16,
                    -16
                  ]
                },
                "east": {
                  "uv": [
                    0,
                    0
                  ],
                  "uv_size": [
                    16,
                    14
                  ]
                },
                "west": {
                  "uv": [
                    0,
                    0
                  ],
                  "uv_size": [
                    16,
                    14
                  ]
                }
              }
            }
          ]
        }
      ]
    },
    {
      "description": {
        "visible_bounds_offset": [
          0,
          0.75,
          0
        ],
        "texture_height": 16,
        "texture_width": 16,
        "identifier": "geometry.fluid.5",
        "visible_bounds_width": 2,
        "visible_bounds_height": 2.5
      },
      "bones": [
        {
          "name": "fluid",
          "pivot": [
            0,
            0,
            0
          ],
          "cubes": [
            {
              "origin": [
                -8,
                0,
                -8
              ],
              "size": [
                16,
                16,
                16
              ],
              "uv": {
                "south": {
                  "uv": [
                    0,
                    0
                  ],
                  "uv_size": [
                    16,
                    16
                  ]
                },
                "down": {
                  "uv": [
                    16,
                    16
                  ],
                  "uv_size": [
                    -16,
                    -16
                  ]
                },
                "north": {
                  "uv": [
                    0,
                    0
                  ],
                  "uv_size": [
                    16,
                    16
                  ]
                },
                "up": {
                  "uv": [
                    16,
                    16
                  ],
                  "uv_size": [
                    -16,
                    -16
                  ]
                },
                "east": {
                  "uv": [
                    0,
                    0
                  ],
                  "uv_size": [
                    16,
                    16
                  ]
                },
                "west": {
                  "uv": [
                    0,
                    0
                  ],
                  "uv_size": [
                    16,
                    16
                  ]
                }
              }
            }
          ]
        }
      ]
    }
  ]
}