{
  "format_version": "1.8.0",
  "animations": {
    "animation.nuke_nuke.hold": {
      "loop": true,
      "bones": {
        "rightItem": {
          "position": [
            0,
            -800,
            0
          ]
        },
        "leftArm": {
          "rotation": [
            0,
            0,
            0
          ],
          "position": [
            0,
            0,
            0
          ]
        },
        "rightArm": {
          "rotation": [
            0,
            0,
            0
          ],
          "position": [
            0,
            0,
            0
          ]
        },
        "pistolRoot": {
          "rotation": [
            0,
            0,
            0
          ],
          "position": [
            0,
            0,
            0
          ],
          "scale": [
            0.35,
            0.35,
            0.35
          ]
        }
      }
    },
    "animation.nuke_nuke.hold.first_person": {
      "loop": true,
      "animation_length": 11.96667,
      "bones": {
        "rightItem": {
          "position": [
            0,
            -800,
            0
          ]
        },
        "rightArm": {
          "rotation": [
            -10,
            60,
            60
          ],
          "position": [
            0,
            9,
            -7
          ]
        },
        "leftArm": {
          "rotation": [
            90,
            -5,
            180
          ],
          "position": [
            -3,
            0,
            6
          ]
        },
        "pistolRoot": {
          "rotation": [
            0,
            0,
            7.5
          ],
          "position": [
            2,
            0.5,
            -0.3
          ],
          "scale": [
            0.35,
            0.35,
            0.35
          ]
        }
      }
    }
  }
}