{
  "format_version": "1.16.0",
  "minecraft:entity": {
    "description": {
      "identifier": "npc:follow",
      "is_spawnable": true,
      "is_summonable": true,
      "is_experimental": false,
	  "scripts": {
        "animate": [
          "default"
        ]
      },
      "animations": {
        "default": "controller.animation.tp"
      }
    },
	"component_groups":{
		"despawn":{
		"minecraft:instant_despawn":{}
		}		
	},
    "components": {
	 "minecraft:collision_box": {
        "width": 0,
        "height": 0
      },
			"minecraft:type_family": {
        "family": [ "follow" ]
      },
	 "minecraft:damage_sensor": {
        "triggers": {
          "cause": "all",
          "deals_damage": false
        }
      }
    },
	"events":{
		"despawn":{
		"add":{"component_groups":["despawn"]}
		}
	}
  }
}
