{
  "format_version": "1.8.0",
  "animations": {
    "animation.projectile.hold": {
      "loop": true,
      "bones": {
        "rightItem": {
          "position": [
            0,
            -800,
            0
          ]
        },
        "leftarm": {
          "rotation": [
            "query.target_x_rotation - 90.0 - math.sin(query.life_time * 76.8) * 2.865 - this",
            "query.target_y_rotation + 28.65",
            "-(math.cos(query.life_time * 103.2) * 2.865) - 2.865"
          ]
        },
        "rightarm": {
          "rotation": [
            "query.target_x_rotation - 90.0 + math.sin(query.life_time * 76.8) * 2.865 - this",
            "query.target_y_rotation - 5.73",
            "(math.cos(query.life_time * 103.2) * 2.865) + 2.865"
          ]
        },
        "rightArm": {
          "position": [
            "0",
            "0",
            "0"
          ],
          "rotation": [
            "0",
            "0",
            "0"
          ]
        },
        "leftArm": {
          "position": [
            "0",
            "0",
            "0"
          ],
          "rotation": [
            "0",
            "0",
            "0"
          ]
        },
        "pistolRoot": {
          "position": [
            "0",
            "0",
            "0"
          ],
          "rotation": [
            "0",
            "0",
            "0"
          ],
          "scale": 0.35
        }
      }
    },
    "animation.projectile.hold.first_person": {
      "loop": true,
      "animation_length": 11.96667,
      "bones": {
        "rightItem": {
          "position": [
            0,
            -800,
            0
          ]
        },
        "rightArm": {
          "position": [
            "0",
            "9",
            "-7"
          ],
          "rotation": [
            "-10",
            "60",
            "60"
          ]
        },
        "leftArm": {
          "position": [
            "-3",
            "0",
            "6"
          ],
          "rotation": [
            "90",
            "-5",
            "180"
          ]
        },
        "pistolRoot": {
          "position": [
            "2",
            "0.5",
            "-0.3"
          ],
          "rotation": [
            "0",
            "0",
            "7.5"
          ],
          "scale": 0.35
        }
      }
    }
  }
}