{
  "format_version": "1.10.0",
  "minecraft:client_entity": {
    "description": {
      "identifier": "nuke:nuke",
      "materials": {
        "default": "slime"
      },
      "textures": {
        "default": "textures/entity/pamobile/nuke_nuke"
      },
      "geometry": {
        "default": "geometry.nuke_nuke_bullet"
      },
      "scripts": {
        "animate": [
          "particles"
        ]
      },
      "animations": {
        "particles": "controller.animation.nuke_nuke"
      },
      "spawn_egg": {
        "texture": "spawn_egg",
        "texture_index": 99
      },
      "render_controllers": [
        "controller.render.slime"
      ]
    }
  }
}