{
  "format_version": "1.8.0",
  "minecraft:attachable": {
    "description": {
      "identifier": "nuke:l",
      "materials": {
        "default": "entity_alphatest",
        "enchanted": "entity_alphatest"
      },
      "textures": {
        "default": "textures/entity/pamobile/nuke_l",
        "enchanted": "textures/misc/enchanted_item_glint"
      },
      "geometry": {
        "default": "geometry.nuke_l"
      },
      "scripts": {
        "parent_setup": "variable.helmet_layer_visible = 0.0;"
      },
      "render_controllers": [
        "controller.render.armor"
      ]
    }
  }
}