{
  "format_version": "1.16.100",
  "minecraft:feature_rules": {
    "description": {
      "places_feature": "nuke:plant",
      "identifier": "nuke:plant_rules"
    },
    "conditions": {
      "minecraft:biome_filter": [
        {
          "any_of": [
            {
              "test": "has_biome_tag",
              "operator": "==",
              "value": "overworld"
            },
            {
              "test": "has_biome_tag",
              "operator": "==",
              "value": "overworld_generation"
            },
            {
              "test": "has_biome_tag",
              "operator": "==",
              "value": "animal"
            },
            {
              "test": "has_biome_tag",
              "operator": "==",
              "value": "bamboo"
            },
            {
              "test": "has_biome_tag",
              "operator": "==",
              "value": "bamboo_jungle"
            },
            {
              "test": "has_biome_tag",
              "operator": "==",
              "value": "bamboo_jungle_hills"
            },
            {
              "test": "has_biome_tag",
              "operator": "==",
              "value": "basalt_deltas"
            },
            {
              "test": "has_biome_tag",
              "operator": "==",
              "value": "beach"
            },
            {
              "test": "has_biome_tag",
              "operator": "==",
              "value": "bee_habitat"
            },
            {
              "test": "has_biome_tag",
              "operator": "==",
              "value": "birch"
            },
            {
              "test": "has_biome_tag",
              "operator": "==",
              "value": "birch_forest"
            },
            {
              "test": "has_biome_tag",
              "operator": "==",
              "value": "birch_forest_hills"
            },
            {
              "test": "has_biome_tag",
              "operator": "==",
              "value": "birch_forest_hills_mutated"
            },
            {
              "test": "has_biome_tag",
              "operator": "==",
              "value": "birch_forest_mutated"
            },
            {
              "test": "has_biome_tag",
              "operator": "==",
              "value": "cold"
            },
            {
              "test": "has_biome_tag",
              "operator": "==",
              "value": "cold_beach"
            },
            {
              "test": "has_biome_tag",
              "operator": "==",
              "value": "cold_ocean"
            },
            {
              "test": "has_biome_tag",
              "operator": "==",
              "value": "cold_taiga"
            },
            {
              "test": "has_biome_tag",
              "operator": "==",
              "value": "cold_taiga_hills"
            },
            {
              "test": "has_biome_tag",
              "operator": "==",
              "value": "cold_taiga_mutated"
            },
            {
              "test": "has_biome_tag",
              "operator": "==",
              "value": "crimson_forest"
            },
            {
              "test": "has_biome_tag",
              "operator": "==",
              "value": "deep"
            },
            {
              "test": "has_biome_tag",
              "operator": "==",
              "value": "deep_cold_ocean"
            },
            {
              "test": "has_biome_tag",
              "operator": "==",
              "value": "deep_frozen_ocean"
            },
            {
              "test": "has_biome_tag",
              "operator": "==",
              "value": "deep_lukewarm_ocean"
            },
            {
              "test": "has_biome_tag",
              "operator": "==",
              "value": "deep_ocean"
            },
            {
              "test": "has_biome_tag",
              "operator": "==",
              "value": "deep_warm_ocean"
            },
            {
              "test": "has_biome_tag",
              "operator": "==",
              "value": "desert"
            },
            {
              "test": "has_biome_tag",
              "operator": "==",
              "value": "desert_hills"
            },
            {
              "test": "has_biome_tag",
              "operator": "==",
              "value": "desert_mutated"
            },
            {
              "test": "has_biome_tag",
              "operator": "==",
              "value": "dripstone_caves"
            },
            {
              "test": "has_biome_tag",
              "operator": "==",
              "value": "edge"
            },
            {
              "test": "has_biome_tag",
              "operator": "==",
              "value": "extreme_hills"
            },
            {
              "test": "has_biome_tag",
              "operator": "==",
              "value": "extreme_hills_edge"
            },
            {
              "test": "has_biome_tag",
              "operator": "==",
              "value": "extreme_hills_mutated"
            },
            {
              "test": "has_biome_tag",
              "operator": "==",
              "value": "extreme_hills_plus_trees"
            },
            {
              "test": "has_biome_tag",
              "operator": "==",
              "value": "extreme_hills_plus_trees_mutated"
            },
            {
              "test": "has_biome_tag",
              "operator": "==",
              "value": "flower_forest"
            },
            {
              "test": "has_biome_tag",
              "operator": "==",
              "value": "forest"
            },
            {
              "test": "has_biome_tag",
              "operator": "==",
              "value": "forest_hills"
            },
            {
              "test": "has_biome_tag",
              "operator": "==",
              "value": "frozen"
            },
            {
              "test": "has_biome_tag",
              "operator": "==",
              "value": "frozen_ocean"
            },
            {
              "test": "has_biome_tag",
              "operator": "==",
              "value": "frozen_peaks"
            },
            {
              "test": "has_biome_tag",
              "operator": "==",
              "value": "frozen_river"
            },
            {
              "test": "has_biome_tag",
              "operator": "==",
              "value": "grove"
            },
            {
              "test": "has_biome_tag",
              "operator": "==",
              "value": "hell"
            },
            {
              "test": "has_biome_tag",
              "operator": "==",
              "value": "hills"
            },
            {
              "test": "has_biome_tag",
              "operator": "==",
              "value": "ice"
            },
            {
              "test": "has_biome_tag",
              "operator": "==",
              "value": "ice_mountains"
            },
            {
              "test": "has_biome_tag",
              "operator": "==",
              "value": "ice_plains"
            },
            {
              "test": "has_biome_tag",
              "operator": "==",
              "value": "ice_plains_spikes"
            },
            {
              "test": "has_biome_tag",
              "operator": "==",
              "value": "jagged_peaks"
            },
            {
              "test": "has_biome_tag",
              "operator": "==",
              "value": "jungle"
            },
            {
              "test": "has_biome_tag",
              "operator": "==",
              "value": "jungle_edge"
            },
            {
              "test": "has_biome_tag",
              "operator": "==",
              "value": "jungle_edge_mutated"
            },
            {
              "test": "has_biome_tag",
              "operator": "==",
              "value": "jungle_hills"
            },
            {
              "test": "has_biome_tag",
              "operator": "==",
              "value": "jungle_mutated"
            },
            {
              "test": "has_biome_tag",
              "operator": "==",
              "value": "legacy_frozen_ocean"
            },
            {
              "test": "has_biome_tag",
              "operator": "==",
              "value": "lukewarm"
            },
            {
              "test": "has_biome_tag",
              "operator": "==",
              "value": "lukewarm_ocean"
            },
            {
              "test": "has_biome_tag",
              "operator": "==",
              "value": "lush_caves"
            },
            {
              "test": "has_biome_tag",
              "operator": "==",
              "value": "meadow"
            },
            {
              "test": "has_biome_tag",
              "operator": "==",
              "value": "mega"
            },
            {
              "test": "has_biome_tag",
              "operator": "==",
              "value": "mega_taiga"
            },
            {
              "test": "has_biome_tag",
              "operator": "==",
              "value": "mega_taiga_hills"
            },
            {
              "test": "has_biome_tag",
              "operator": "==",
              "value": "mesa"
            },
            {
              "test": "has_biome_tag",
              "operator": "==",
              "value": "mesa_bryce"
            },
            {
              "test": "has_biome_tag",
              "operator": "==",
              "value": "mesa_plateau"
            },
            {
              "test": "has_biome_tag",
              "operator": "==",
              "value": "mesa_plateau_mutated"
            },
            {
              "test": "has_biome_tag",
              "operator": "==",
              "value": "mesa_plateau_stone"
            },
            {
              "test": "has_biome_tag",
              "operator": "==",
              "value": "mesa_plateau_stone_mutated"
            },
            {
              "test": "has_biome_tag",
              "operator": "==",
              "value": "monster"
            },
            {
              "test": "has_biome_tag",
              "operator": "==",
              "value": "mooshroom_island"
            },
            {
              "test": "has_biome_tag",
              "operator": "==",
              "value": "mountain"
            },
            {
              "test": "has_biome_tag",
              "operator": "==",
              "value": "mushroom_island"
            },
            {
              "test": "has_biome_tag",
              "operator": "==",
              "value": "mushroom_island_shore"
            },
            {
              "test": "has_biome_tag",
              "operator": "==",
              "value": "mutated"
            },
            {
              "test": "has_biome_tag",
              "operator": "==",
              "value": "nether"
            },
            {
              "test": "has_biome_tag",
              "operator": "==",
              "value": "netherwart_forest"
            },
            {
              "test": "has_biome_tag",
              "operator": "==",
              "value": "nether_wastes"
            },
            {
              "test": "has_biome_tag",
              "operator": "==",
              "value": "no_legacy_worldgen"
            },
            {
              "test": "has_biome_tag",
              "operator": "==",
              "value": "ocean"
            },
            {
              "test": "has_biome_tag",
              "operator": "==",
              "value": "plains"
            },
            {
              "test": "has_biome_tag",
              "operator": "==",
              "value": "plateau"
            },
            {
              "test": "has_biome_tag",
              "operator": "==",
              "value": "rare"
            },
            {
              "test": "has_biome_tag",
              "operator": "==",
              "value": "redwood_taiga_hills_mutated"
            },
            {
              "test": "has_biome_tag",
              "operator": "==",
              "value": "redwood_taiga_mutated"
            },
            {
              "test": "has_biome_tag",
              "operator": "==",
              "value": "river"
            },
            {
              "test": "has_biome_tag",
              "operator": "==",
              "value": "roofed"
            },
            {
              "test": "has_biome_tag",
              "operator": "==",
              "value": "roofed_forest"
            },
            {
              "test": "has_biome_tag",
              "operator": "==",
              "value": "roofed_forest_mutated"
            },
            {
              "test": "has_biome_tag",
              "operator": "==",
              "value": "savanna"
            },
            {
              "test": "has_biome_tag",
              "operator": "==",
              "value": "savanna_mutated"
            },
            {
              "test": "has_biome_tag",
              "operator": "==",
              "value": "savanna_plateau"
            },
            {
              "test": "has_biome_tag",
              "operator": "==",
              "value": "savanna_plateau_mutated"
            },
            {
              "test": "has_biome_tag",
              "operator": "==",
              "value": "shore"
            },
            {
              "test": "has_biome_tag",
              "operator": "==",
              "value": "snowy_slopes"
            },
            {
              "test": "has_biome_tag",
              "operator": "==",
              "value": "soulsand_valley"
            },
            {
              "test": "has_biome_tag",
              "operator": "==",
              "value": "soul_sand_valley"
            },
            {
              "test": "has_biome_tag",
              "operator": "==",
              "value": "spawn_endermen"
            },
            {
              "test": "has_biome_tag",
              "operator": "==",
              "value": "spawn_few_piglins"
            },
            {
              "test": "has_biome_tag",
              "operator": "==",
              "value": "spawn_few_zombified_piglins"
            },
            {
              "test": "has_biome_tag",
              "operator": "==",
              "value": "spawn_ghast"
            },
            {
              "test": "has_biome_tag",
              "operator": "==",
              "value": "spawn_magma_cubes"
            },
            {
              "test": "has_biome_tag",
              "operator": "==",
              "value": "spawn_many_magma_cubes"
            },
            {
              "test": "has_biome_tag",
              "operator": "==",
              "value": "spawn_piglin"
            },
            {
              "test": "has_biome_tag",
              "operator": "==",
              "value": "spawn_zombified_piglin"
            },
            {
              "test": "has_biome_tag",
              "operator": "==",
              "value": "stone"
            },
            {
              "test": "has_biome_tag",
              "operator": "==",
              "value": "stone_beach"
            },
            {
              "test": "has_biome_tag",
              "operator": "==",
              "value": "stony_peaks"
            },
            {
              "test": "has_biome_tag",
              "operator": "==",
              "value": "sunflower_plains"
            },
            {
              "test": "has_biome_tag",
              "operator": "==",
              "value": "swampswampland"
            },
            {
              "test": "has_biome_tag",
              "operator": "==",
              "value": "swampland_mutated"
            },
            {
              "test": "has_biome_tag",
              "operator": "==",
              "value": "taiga"
            },
            {
              "test": "has_biome_tag",
              "operator": "==",
              "value": "taiga_hills"
            },
            {
              "test": "has_biome_tag",
              "operator": "==",
              "value": "taiga_mutated"
            },
            {
              "test": "has_biome_tag",
              "operator": "==",
              "value": "the_end"
            },
            {
              "test": "has_biome_tag",
              "operator": "==",
              "value": "warm"
            },
            {
              "test": "has_biome_tag",
              "operator": "==",
              "value": "warm_ocean"
            },
            {
              "test": "has_biome_tag",
              "operator": "==",
              "value": "warped_forestwarped_forest"
            },
            {
              "test": "has_biome_tag",
              "operator": "==",
              "value": "water_animal"
            },
            {
              "test": "has_biome_tag",
              "operator": "==",
              "value": "cherry_grove"
            }
          ]
        }
      ],
      "placement_pass": "surface_pass"
    },
    "distribution": {
      "x": {
        "extent": [
          0,
          8
        ],
        "distribution": "uniform"
      },
      "y": "query.heightmap(variable.worldx, variable.worldz)",
      "z": {
        "extent": [
          0,
          8
        ],
        "distribution": "uniform"
      },
      "iterations": 20,
      "scatter_chance": {
        "numerator": 6,
        "denominator": 100
      }
    }
  }
}