{
  "format_version": "1.13.0",
  "minecraft:feature_rules": {
    "description": {
      "places_feature": "nuke:geode",
      "identifier": "nuke:geode_rules"
    },
    "conditions": {
      "minecraft:biome_filter": [
        {
          "any_of": []
        }
      ],
      "placement_pass": "underground_pass"
    },
    "distribution": {
      "x": {
        "extent": [
          0,
          16
        ],
        "distribution": "uniform"
      },
      "y": {
        "extent": [
          -60,
          320
        ],
        "distribution": "uniform"
      },
      "z": {
        "extent": [
          0,
          16
        ],
        "distribution": "uniform"
      },
      "iterations": 20,
      "coordinate_eval_order": "zyx",
      "scatter_chance": {
        "numerator": 4,
        "denominator": 100
      }
    }
  }
}