{
  "format_version": "1.16.100",
  "minecraft:item": {
    "description": {
      "identifier": "hell:cl",
      "category": "items"
    },
    "components": {
      "minecraft:hand_equipped": false,
      "minecraft:max_stack_size": 64,
      "minecraft:foil": false,
      "minecraft:food": {
        "saturation_modifier": "supernatural",
        "nutrition": 9999,
        "can_always_eat": false,
        "on_consume": {
          "event": "on_consume_effects",
          "target": "self"
        }
      },
      "minecraft:use_duration": 1,
      "minecraft:cooldown": {
        "category": "action_cooldown",
        "duration": 0
      },
      "minecraft:allow_off_hand": false,
      "minecraft:on_use": {
        "on_use": {
          "event": "on_use_event"
        }
      },
      "tag:minecraft:is_food": {},
      "minecraft:use_animation": "drink",
      "minecraft:icon": {
        "texture": "hell:cl"
      },
      "minecraft:render_offsets": {
        "main_hand": {
          "third_person": {
            "scale": [
              0.05,
              0.05,
              0.05
            ]
          },
          "first_person": {
            "scale": [
              0.018999999999988602,
              0.018999999999988602,
              0.018999999999988602
            ]
          }
        },
        "off_hand": {
          "third_person": {
            "scale": [
              0.05,
              0.05,
              0.05
            ]
          },
          "first_person": {
            "scale": [
              0.018999999999988602,
              0.018999999999988602,
              0.018999999999988602
            ]
          }
        }
      }
    },
    "events": {
      "on_use_event": {
        "run_command": {
          "command": [
            "function Wither",
            "function pain"
          ],
          "target": "self"
        }
      },
      "hurt": {
        "damage": {
          "type": "magic",
          "amount": 1,
          "target": "self"
        }
      },
      "on_consume_effects": {
        "sequence": [
          {
            "add_mob_effect": {
              "effect": "instant_damage",
              "amplifier": 3,
              "target": "holder",
              "duration": 1
            }
          }
        ]
      }
    }
  }
}