{
  "format_version": "1.17.0",
  "minecraft:item": {
    "description": {
      "identifier": "hell:item",
      "category": "nature"
    },
    "components": {
      "minecraft:hand_equipped": false,
      "minecraft:max_stack_size": 64,
      "minecraft:foil": false,
      "minecraft:allow_off_hand": false,
      "minecraft:icon": {
        "texture": "hell:item"
      },
      "minecraft:display_name": {
        "value": "Test Rod"
      },
      "tag:minecraft:transform_materials": {},
      "tag:minecraft:arrow": {},
      "tag:minecraft:banner": {},
      "tag:minecraft:boats": {},
      "tag:minecraft:bookshelf_books": {},
      "tag:minecraft:chainmail_tier": {},
      "tag:minecraft:chest_boat": {},
      "tag:minecraft:coals": {},
      "tag:minecraft:crimson_stems": {},
      "tag:minecraft:diamond_tier": {},
      "tag:minecraft:digger": {},
      "tag:minecraft:door": {},
      "tag:minecraft:golden_tier": {},
      "tag:minecraft:hanging_actor": {},
      "tag:minecraft:hanging_sign": {},
      "tag:minecraft:horse_armor": {},
      "tag:minecraft:iron_tier": {},
      "tag:minecraft:is_armor": {},
      "tag:minecraft:is_axe": {},
      "tag:minecraft:is_cooked": {},
      "tag:minecraft:is_fish": {},
      "tag:minecraft:is_food": {},
      "tag:minecraft:is_hoe": {},
      "tag:minecraft:is_meat": {},
      "tag:minecraft:is_minecart": {},
      "tag:minecraft:is_pickaxe": {},
      "tag:minecraft:is_shovel": {},
      "tag:minecraft:is_sword": {},
      "tag:minecraft:is_tool": {},
      "tag:minecraft:leather_tier": {},
      "tag:minecraft:lectern_books": {},
      "tag:minecraft:logs": {},
      "tag:minecraft:logs_that_burn": {},
      "tag:minecraft:mangrove_logs": {},
      "tag:minecraft:music_disc": {},
      "tag:minecraft:netherite_tier": {},
      "tag:minecraft:piglin_loved": {},
      "tag:minecraft:piglin_repellents": {},
      "tag:minecraft:planks": {},
      "tag:minecraft:sand": {},
      "tag:minecraft:sign": {},
      "tag:minecraft:soul_fire_base_blocks": {},
      "tag:minecraft:spawn_egg": {},
      "tag:minecraft:stone_bricks": {},
      "tag:minecraft:stone_crafting_materials": {},
      "tag:minecraft:stone_tier": {},
      "tag:minecraft:stone_tool_materials": {},
      "tag:minecraft:transform_templates": {},
      "tag:minecraft:transformable_items": {},
      "tag:minecraft:trim_materials": {},
      "tag:minecraft:trim_templates": {},
      "tag:minecraft:trimmable_armors": {},
      "tag:minecraft:vibration_damper": {},
      "tag:minecraft:warped_stems": {},
      "tag:minecraft:wooden_slabs": {},
      "tag:minecraft:wooden_tier": {},
      "tag:minecraft:wool": {}
    }
  }
}