{
  "format_version": "1.16.0",
  "minecraft:geometry": [
    {
      "description": {
        "identifier": "geometry.bitch_shield",
        "texture_width": 64,
        "texture_height": 64,
        "visible_bounds_width": 2,
        "visible_bounds_height": 3.5,
        "visible_bounds_offset": [
          0,
          1.25,
          0
        ]
      },
      "bones": [
        {
          "name": "shield",
          "pivot": [
            1,
            15.5,
            3
          ],
          "binding": "q.item_slot_to_bone_name(c.item_slot)",
          "cubes": [
            {
              "origin": [
                0,
                25.1,
                0
              ],
              "size": [
                2,
                6,
                6
              ],
              "uv": [
                26,
                0
              ]
            },
            {
              "origin": [
                -5,
                21.4,
                -1
              ],
              "size": [
                12,
                12.5,
                1
              ],
              "uv": [
                0,
                0
              ]
            },
            {
              "origin": [
                -8,
                21.9,
                -1
              ],
              "size": [
                3,
                11.4,
                1
              ],
              "uv": [
                40,
                27
              ]
            },
            {
              "origin": [
                7,
                21.9,
                -1
              ],
              "size": [
                3,
                11.4,
                1
              ],
              "uv": [
                40,
                27
              ]
            },
            {
              "origin": [
                -3.4,
                9,
                -1
              ],
              "size": [
                3,
                11,
                1
              ],
              "pivot": [
                2,
                16,
                0
              ],
              "rotation": [
                0,
                0,
                90
              ],
              "uv": [
                40,
                27
              ]
            },
            {
              "origin": [
                -18.9,
                9.4,
                -1
              ],
              "size": [
                3,
                11,
                1
              ],
              "pivot": [
                2,
                16,
                0
              ],
              "rotation": [
                0,
                0,
                90
              ],
              "uv": [
                40,
                27
              ]
            },
            {
              "origin": [
                -17.1,
                7.4,
                -1
              ],
              "size": [
                1.8,
                2,
                1
              ],
              "pivot": [
                2,
                16,
                0
              ],
              "rotation": [
                0,
                0,
                90
              ],
              "uv": [
                41,
                27
              ]
            },
            {
              "origin": [
                -3.9,
                7,
                -1
              ],
              "size": [
                1.8,
                2,
                1
              ],
              "pivot": [
                2,
                16,
                0
              ],
              "rotation": [
                0,
                0,
                90
              ],
              "uv": [
                38,
                27
              ]
            },
            {
              "origin": [
                -3.9,
                20,
                -1
              ],
              "size": [
                1.8,
                2,
                1
              ],
              "pivot": [
                2,
                16,
                0
              ],
              "rotation": [
                0,
                0,
                90
              ],
              "uv": [
                20,
                20
              ]
            },
            {
              "origin": [
                -17.1,
                20.4,
                -1
              ],
              "size": [
                1.8,
                2,
                1
              ],
              "pivot": [
                2,
                16,
                0
              ],
              "rotation": [
                0,
                0,
                90
              ],
              "uv": [
                40,
                27
              ]
            }
          ]
        }
      ]
    }
  ]
}