{
  "format_version": "1.16.0",
  "minecraft:geometry": [
    {
      "description": {
        "identifier": "geometry.hell_item",
        "texture_width": 64,
        "texture_height": 32,
        "visible_bounds_width": 2,
        "visible_bounds_height": 3.5,
        "visible_bounds_offset": [
          0,
          1.25,
          0
        ]
      },
      "bones": [
        {
          "name": "rightitem",
          "pivot": [
            0,
            0,
            0
          ],
          "binding": "q.item_slot_to_bone_name(c.item_slot)",
          "cubes": [
            {
              "origin": [
                -8,
                0,
                -8
              ],
              "size": [
                16,
                16,
                16
              ],
              "uv": [
                0,
                0
              ]
            }
          ]
        }
      ]
    }
  ]
}