{
  "format_version": "1.12.0",
  "minecraft:geometry": [
    {
      "description": {
        "identifier": "geometry.nuke_nuke",
        "texture_width": 32,
        "texture_height": 32,
        "visible_bounds_width": 4,
        "visible_bounds_height": 9,
        "visible_bounds_offset": [
          0,
          3.5,
          0
        ]
      },
      "bones": [
        {
          "name": "root",
          "pivot": [
            0,
            0,
            0
          ]
        },
        {
          "name": "body",
          "parent": "root",
          "pivot": [
            0,
            0,
            0
          ]
        },
        {
          "name": "rightArmA",
          "parent": "root",
          "pivot": [
            -5,
            22,
            0
          ]
        },
        {
          "name": "rightArm",
          "parent": "rightArmA",
          "pivot": [
            -5,
            22,
            0
          ],
          "cubes": [
            {
              "origin": [
                -8,
                12,
                -2
              ],
              "size": [
                4,
                12,
                4
              ],
              "uv": [
                48,
                0
              ]
            }
          ]
        },
        {
          "name": "pistolRoot",
          "parent": "rightArm",
          "pivot": [
            -6,
            7,
            -2
          ],
          "rotation": [
            0,
            0,
            -180
          ]
        },
        {
          "name": "pistol",
          "parent": "pistolRoot",
          "pivot": [
            5.71419,
            -8.35038,
            25.87932
          ],
          "rotation": [
            82.5287,
            -0.04256,
            179.34818
          ],
          "cubes": [
            {
              "origin": [
                17,
                17,
                24
              ],
              "size": [
                2,
                6,
                3
              ],
              "uv": [
                0,
                0
              ]
            },
            {
              "origin": [
                16.75,
                23,
                14
              ],
              "size": [
                2.5,
                3,
                13
              ],
              "uv": [
                0,
                0
              ]
            },
            {
              "origin": [
                17.5,
                20,
                21
              ],
              "size": [
                1,
                1,
                3
              ],
              "uv": [
                0,
                9
              ]
            },
            {
              "origin": [
                17.5,
                21,
                21
              ],
              "size": [
                1,
                2,
                1
              ],
              "uv": [
                7,
                0
              ]
            },
            {
              "origin": [
                17.5,
                22,
                23
              ],
              "size": [
                1,
                1,
                1
              ],
              "uv": [
                5,
                9
              ]
            }
          ]
        },
        {
          "name": "leftArmA",
          "parent": "root",
          "pivot": [
            5,
            22,
            0
          ]
        },
        {
          "name": "leftArm",
          "parent": "leftArmA",
          "pivot": [
            5,
            22,
            0
          ],
          "cubes": [
            {
              "origin": [
                4,
                12,
                -2
              ],
              "size": [
                4,
                12,
                4
              ],
              "uv": [
                48,
                0
              ]
            }
          ]
        }
      ]
    }
  ]
}