{ "format_version": "1.10.0", "animation_controllers": { "controller.animation.player.player_activity.player_item": { "initial_state": "default", "states": { "default": { "transitions": [ { "is_using_item": "query.is_using_item" } ] }, "is_using_item": { "on_entry": [ "/tag @s add ?is_using_item" ], "transitions": [ { "default": "!query.is_using_item" } ], "on_exit": [ "/tag @s remove ?is_using_item" ], "blend_transition": 0.2 } } }, "controller.animation.player.player_activity.player_status": { "initial_state": "default", "states": { "default": { "transitions": [ { "is_alive": "query.is_alive" } ] }, "is_alive": { "on_entry": [ "/tag @s add ?is_alive", "/tag @s remove ?is_alive" ], "transitions": [ { "default": "!query.is_alive" } ], "on_exit": [ "/tag @s remove ?is_alive", "/tag @s add ?is_alive" ], "blend_transition": 0.2 } } }, "controller.animation.player.player_activity.player_ground": { "initial_state": "default", "states": { "default": { "transitions": [ { "on_ground": "query.is_on_ground" }, { "on_air": "!query.is_on_ground && !query.is_in_water" } ] }, "on_ground": { "on_entry": [ "/tag @s add ?is_on_ground", "/tag @s add ?is_grounded" ], "transitions": [ { "default": "!query.is_on_ground" } ], "on_exit": [ "/tag @s remove ?is_on_ground", "/tag @s remove ?is_grounded" ], "blend_transition": 0.2 }, "on_air": { "on_entry": [ "/tag @s add ?is_in_air" ], "transitions": [ { "default": "query.is_on_ground || query.is_in_water" } ], "on_exit": [ "/tag @s remove ?is_in_air" ], "blend_transition": 0.2 } } }, "controller.animation.player.player_activity.player_ground2": { "initial_state": "default", "states": { "default": { "transitions": [ { "is_burning": "query.is_on_fire || query.is_onfire" }, { "is_in_water": "query.is_in_contact_with_water || query.is_in_water" } ] }, "is_burning": { "on_entry": [ "/tag @s add ?is_burning" ], "transitions": [ { "default": "!query.is_on_fire && !query.is_onfire" } ], "on_exit": [ "/tag @s remove ?is_burning" ], "blend_transition": 0.2 }, "is_in_water": { "on_entry": [ "/tag @s add ?is_in_water" ], "transitions": [ { "default": "!query.is_in_contact_with_water && !query.is_in_water" } ], "on_exit": [ "/tag @s remove ?is_in_water" ], "blend_transition": 0.2 } } } } }