{
  "format_version": "1.13.0",
  "minecraft:geode_feature": {
    "description": {
      "identifier": "nuke:geode"
    },
    "filler": "minecraft:air",
    "inner_layer": "minecraft:mud_bricks",
    "alternate_inner_layer": "minecraft:mud",
    "middle_layer": "minecraft:muddy_mangrove_roots",
    "outer_layer": "minecraft:packed_mud",
    "inner_placements": [
      {
        "name": "minecraft:mud_bricks"
      },
      {
        "name": "minecraft:mud"
      },
      {
        "name": "minecraft:muddy_mangrove_roots"
      },
      {
        "name": "minecraft:packed_mud"
      },
      {
        "name": "minecraft:mud_brick_slab"
      },
      {
        "name": "minecraft:mud_brick_stairs"
      }
    ],
    "min_outer_wall_distance": 2,
    "max_outer_wall_distance": 7,
    "min_distribution_points": 3,
    "max_distribution_points": 4,
    "min_point_offset": 0,
    "max_point_offset": 2,
    "max_radius": 12,
    "crack_point_offset": 2,
    "generate_crack_chance": 0.95,
    "base_crack_size": 1,
    "noise_multiplier": 0.025,
    "use_potential_placements_chance": 0.35,
    "use_alternate_layer0_chance": 0.083,
    "placements_require_layer0_alternate": true,
    "invalid_blocks_threshold": 64
  }
}