{
  "format_version": "1.13.0",
  "minecraft:growing_plant_feature": {
    "body_blocks": [
      [
        "minecraft:bed",
        1
      ],
      [
        "minecraft:bed",
        1
      ]
    ],
    "head_blocks": [
      [
        "minecraft:bed",
        1
      ],
      [
        "minecraft:bedrock",
        1
      ]
    ],
    "age": {
      "range_min": 1,
      "range_max": 500
    },
    "growth_direction": "up",
    "height_distribution": [
      [
        {
          "range_min": 1,
          "range_max": 120
        },
        1
      ]
    ],
    "description": {
      "identifier": "nuke:plant"
    },
    "allow_water": true
  }
}