{
  "format_version": "1.13.0",
  "minecraft:biome": {
    "description": {
      "identifier": "hellscape"
    },
    "components": {
      "minecraft:climate": {
        "downfall": 0,
        "snow_accumulation": [
          0.0,
          0.0
        ],
        "temperature": 100,
        "blue_spores": 20,
        "red_spores": 20,
        "white_ash": 20,
        "ash": 20
      },
      "minecraft:overworld_height": {
        "noise_params": [
          -1.0,
          1.0
        ]
      },
      "animal": {},
      "monster": {},
      "overworld": {},
      "hellscape": {},
      "minecraft:surface_parameters": {
        "top_material": "minecraft:blackstone",
        "mid_material": "minecraft:chiseled_nether_bricks",
        "foundation_material": "minecraft:nether_wart_block",
        "sea_floor_material": "minecraft:netherrack",
        "sea_material": "minecraft:lava",
        "sea_floor_depth": 20
      },
      "minecraft:overworld_generation_rules": {
        "hills_transformation": [
          "cold_taiga_hills",
          "legacy_frozen_ocean",
          "deep_ocean",
          "frozen_ocean",
          "deep_frozen_ocean",
          "cold_ocean",
          "deep_cold_ocean",
          "lukewarm_ocean",
          "deep_lukewarm_ocean",
          "warm_ocean",
          "deep_warm_ocean",
          "frozen_river",
          "stone_beach",
          "cold_beach",
          "forest_hills",
          "flower_forest",
          "birch_forest",
          "birch_forest_hills",
          "birch_forest_mutated",
          "birch_forest_hills_mutated",
          "roofed_forest",
          "roofed_forest_mutated",
          "jungle_hills",
          "jungle_mutated",
          "jungle_edge",
          "jungle_edge_mutated",
          "bamboo_jungle",
          "bamboo_jungle_hills",
          "taiga_hills",
          "taiga_mutated",
          "cold_taiga",
          "cold_taiga_mutated",
          "mega_taiga_hills",
          "redwood_taiga_mutated",
          "redwood_taiga_hills_mutated",
          "mushroom_island",
          "mushroom_island_shore",
          "swampland_mutated",
          "savanna_plateau",
          "savanna_mutated",
          "savanna_plateau_mutated",
          "sunflower_plains",
          "desert_hills",
          "desert_mutated",
          "ice_plains",
          "ice_mountains",
          "ice_plains_spikes",
          "extreme_hills",
          "extreme_hills_plus_trees",
          "extreme_hills_mutated",
          "extreme_hills_plus_trees_mutated",
          "extreme_hills_edge",
          "mesa_plateau",
          "mesa_plateau_mutated",
          "mesa_plateau_stone",
          "mesa_plateau_stone_mutated",
          "mesa_bryce",
          "cherry_grove"
        ],
        "river_transformation": [
          "frozen_river",
          "legacy_frozen_ocean",
          "deep_ocean",
          "frozen_ocean",
          "deep_frozen_ocean",
          "cold_ocean",
          "deep_cold_ocean",
          "lukewarm_ocean",
          "deep_lukewarm_ocean",
          "warm_ocean",
          "deep_warm_ocean",
          "stone_beach",
          "cold_beach",
          "forest_hills",
          "flower_forest",
          "birch_forest",
          "birch_forest_hills",
          "birch_forest_mutated",
          "birch_forest_hills_mutated",
          "roofed_forest",
          "roofed_forest_mutated",
          "jungle_hills",
          "jungle_mutated",
          "jungle_edge",
          "jungle_edge_mutated",
          "bamboo_jungle",
          "bamboo_jungle_hills",
          "taiga_hills",
          "taiga_mutated",
          "cold_taiga",
          "cold_taiga_hills",
          "cold_taiga_mutated",
          "mega_taiga_hills",
          "redwood_taiga_mutated",
          "redwood_taiga_hills_mutated",
          "mushroom_island",
          "mushroom_island_shore",
          "swampland_mutated",
          "savanna_plateau",
          "savanna_mutated",
          "savanna_plateau_mutated",
          "sunflower_plains",
          "desert_hills",
          "desert_mutated",
          "ice_plains",
          "ice_mountains",
          "ice_plains_spikes",
          "extreme_hills",
          "extreme_hills_plus_trees",
          "extreme_hills_mutated",
          "extreme_hills_plus_trees_mutated",
          "extreme_hills_edge",
          "mesa_plateau",
          "mesa_plateau_mutated",
          "mesa_plateau_stone",
          "mesa_plateau_stone_mutated",
          "mesa_bryce",
          "cherry_grove"
        ],
        "generate_for_climates": [
          [
            "cold",
            100
          ],
          [
            "medium",
            200
          ]
        ],
        "mutate_transformation": [
          "cold_taiga_mutated",
          "legacy_frozen_ocean",
          "deep_ocean",
          "frozen_ocean",
          "deep_frozen_ocean",
          "cold_ocean",
          "deep_cold_ocean",
          "lukewarm_ocean",
          "deep_lukewarm_ocean",
          "warm_ocean",
          "deep_warm_ocean",
          "frozen_river",
          "stone_beach",
          "cold_beach",
          "forest_hills",
          "flower_forest",
          "birch_forest",
          "birch_forest_hills",
          "birch_forest_mutated",
          "birch_forest_hills_mutated",
          "roofed_forest",
          "roofed_forest_mutated",
          "jungle_hills",
          "jungle_mutated",
          "jungle_edge",
          "jungle_edge_mutated",
          "bamboo_jungle",
          "bamboo_jungle_hills",
          "taiga_hills",
          "taiga_mutated",
          "cold_taiga",
          "cold_taiga_hills",
          "mega_taiga_hills",
          "redwood_taiga_mutated",
          "redwood_taiga_hills_mutated",
          "mushroom_island",
          "mushroom_island_shore",
          "swampland_mutated",
          "savanna_plateau",
          "savanna_mutated",
          "savanna_plateau_mutated",
          "sunflower_plains",
          "desert_hills",
          "desert_mutated",
          "ice_plains",
          "ice_mountains",
          "ice_plains_spikes",
          "extreme_hills",
          "extreme_hills_plus_trees",
          "extreme_hills_mutated",
          "extreme_hills_plus_trees_mutated",
          "extreme_hills_edge",
          "mesa_plateau",
          "mesa_plateau_mutated",
          "mesa_plateau_stone",
          "mesa_plateau_stone_mutated",
          "mesa_bryce",
          "cherry_grove"
        ]
      }
    }
  }
}