{
  "format_version": [
    1,
    1,
    0
  ],
  "glass": {
    "textures": "glass",
    "sound": "glass"
  },
  "glass_pane": {
    "textures": {
      "up": "glass",
      "down": "glass",
      "north": "glass",
      "south": "glass",
      "west": "glass",
      "east": "glass_pane_top"
    },
    "sound": "glass"
  },
  "stained_glass": {
    "textures": "stained_glass",
    "sound": "glass"
  },
  "stained_glass_pane": {
    "textures": {
      "up": "stained_glass",
      "down": "stained_glass",
      "north": "stained_glass",
      "south": "stained_glass",
      "west": "stained_glass",
      "east": "stained_glass_pane_top"
    },
    "sound": "glass"
  }
}